W_50[mm],freq
0.5,37
0.5,37.01
0.5,37.02
0.5,37.03
0.5,37.04
0.5,37.05
0.5,37.06
0.5,37.07
0.5,37.08
0.5,37.09
0.5,37.1
0.5,37.11
0.5,37.12
0.5,37.13
0.5,37.14
0.5,37.15
0.5,37.16
0.5,37.17
0.5,37.18
0.5,37.19
0.5,37.2
0.5,37.21
0.5,37.22
0.5,37.23
0.5,37.24
0.5,37.25
0.5,37.26
0.5,37.27
0.5,37.28
0.5,37.29
0.5,37.3
0.5,37.31
0.5,37.32
0.5,37.33
0.5,37.34
0.5,37.35
0.5,37.36
0.5,37.37
0.5,37.38
0.5,37.39
0.5,37.4
0.5,37.41
0.5,37.42
0.5,37.43
0.5,37.44
0.5,37.45
0.5,37.46
0.5,37.47
0.5,37.48
0.5,37.49
0.5,37.5
0.5,37.51
0.5,37.52
0.5,37.53
0.5,37.54
0.5,37.55
0.5,37.56
0.5,37.57
0.5,37.58
0.5,37.59
0.5,37.6
0.5,37.61
0.5,37.62
0.5,37.63
0.5,37.64
0.5,37.65
0.5,37.66
0.5,37.67
0.5,37.68
0.5,37.69
0.5,37.7
0.5,37.71
0.5,37.72
0.5,37.73
0.5,37.74
0.5,37.75
0.5,37.76
0.5,37.77
0.5,37.78
0.5,37.79
0.5,37.8
0.5,37.81
0.5,37.82
0.5,37.83
0.5,37.84
0.5,37.85
0.5,37.86
0.5,37.87
0.5,37.88
0.5,37.89
0.5,37.9
0.5,37.91
0.5,37.92
0.5,37.93
0.5,37.94
0.5,37.95
0.5,37.96
0.5,37.97
0.5,37.98
0.5,37.99
0.5,38
0.5,38.01
0.5,38.02
0.5,38.03
0.5,38.04
0.5,38.05
0.5,38.06
0.5,38.07
0.5,38.08
0.5,38.09
0.5,38.1
0.5,38.11
0.5,38.12
0.5,38.13
0.5,38.14
0.5,38.15
0.5,38.16
0.5,38.17
0.5,38.18
0.5,38.19
0.5,38.2
0.5,38.21
0.5,38.22
0.5,38.23
0.5,38.24
0.5,38.25
0.5,38.26
0.5,38.27
0.5,38.28
0.5,38.29
0.5,38.3
0.5,38.31
0.5,38.32
0.5,38.33
0.5,38.34
0.5,38.35
0.5,38.36
0.5,38.37
0.5,38.38
0.5,38.39
0.5,38.4
0.5,38.41
0.5,38.42
0.5,38.43
0.5,38.44
0.5,38.45
0.5,38.46
0.5,38.47
0.5,38.48
0.5,38.49
0.5,38.5
0.5,38.51
0.5,38.52
0.5,38.53
0.5,38.54
0.5,38.55
0.5,38.56
0.5,38.57
0.5,38.58
0.5,38.59
0.5,38.6
0.5,38.61
0.5,38.62
0.5,38.63
0.5,38.64
0.5,38.65
0.5,38.66
0.5,38.67
0.5,38.68
0.5,38.69
0.5,38.7
0.5,38.71
0.5,38.72
0.5,38.73
0.5,38.74
0.5,38.75
0.5,38.76
0.5,38.77
0.5,38.78
0.5,38.79
0.5,38.8
0.5,38.81
0.5,38.82
0.5,38.83
0.5,38.84
0.5,38.85
0.5,38.86
0.5,38.87
0.5,38.88
0.5,38.89
0.5,38.9
0.5,38.91
0.5,38.92
0.5,38.93
0.5,38.94
0.5,38.95
0.5,38.96
0.5,38.97
0.5,38.98
0.5,38.99
0.5,39
0.5,39.01
0.5,39.02
0.5,39.03
0.5,39.04
0.5,39.05
0.5,39.06
0.5,39.07
0.5,39.08
0.5,39.09
0.5,39.1
0.5,39.11
0.5,39.12
0.5,39.13
0.5,39.14
0.5,39.15
0.5,39.16
0.5,39.17
0.5,39.18
0.5,39.19
0.5,39.2
0.5,39.21
0.5,39.22
0.5,39.23
0.5,39.24
0.5,39.25
0.5,39.26
0.5,39.27
0.5,39.28
0.5,39.29
0.5,39.3
0.5,39.31
0.5,39.32
0.5,39.33
0.5,39.34
0.5,39.35
0.5,39.36
0.5,39.37
0.5,39.38
0.5,39.39
0.5,39.4
0.5,39.41
0.5,39.42
0.5,39.43
0.5,39.44
0.5,39.45
0.5,39.46
0.5,39.47
0.5,39.48
0.5,39.49
0.5,39.5
0.5,39.51
0.5,39.52
0.5,39.53
0.5,39.54
0.5,39.55
0.5,39.56
0.5,39.57
0.5,39.58
0.5,39.59
0.5,39.6
0.5,39.61
0.5,39.62
0.5,39.63
0.5,39.64
0.5,39.65
0.5,39.66
0.5,39.67
0.5,39.68
0.5,39.69
0.5,39.7
0.5,39.71
0.5,39.72
0.5,39.73
0.5,39.74
0.5,39.75
0.5,39.76
0.5,39.77
0.5,39.78
0.5,39.79
0.5,39.8
0.5,39.81
0.5,39.82
0.5,39.83
0.5,39.84
0.5,39.85
0.5,39.86
0.5,39.87
0.5,39.88
0.5,39.89
0.5,39.9
0.5,39.91
0.5,39.92
0.5,39.93
0.5,39.94
0.5,39.95
0.5,39.96
0.5,39.97
0.5,39.98
0.5,39.99
0.5,40
0.5,40.01
0.5,40.02
0.5,40.03
0.5,40.04
0.5,40.05
0.5,40.06
0.5,40.07
0.5,40.08
0.5,40.09
0.5,40.1
0.5,40.11
0.5,40.12
0.5,40.13
0.5,40.14
0.5,40.15
0.5,40.16
0.5,40.17
0.5,40.18
0.5,40.19
0.5,40.2
0.5,40.21
0.5,40.22
0.5,40.23
0.5,40.24
0.5,40.25
0.5,40.26
0.5,40.27
0.5,40.28
0.5,40.29
0.5,40.3
0.5,40.31
0.5,40.32
0.5,40.33
0.5,40.34
0.5,40.35
0.5,40.36
0.5,40.37
0.5,40.38
0.5,40.39
0.5,40.4
0.5,40.41
0.5,40.42
0.5,40.43
0.5,40.44
0.5,40.45
0.5,40.46
0.5,40.47
0.5,40.48
0.5,40.49
0.5,40.5
0.5,40.51
0.5,40.52
0.5,40.53
0.5,40.54
0.5,40.55
0.5,40.56
0.5,40.57
0.5,40.58
0.5,40.59
0.5,40.6
0.5,40.61
0.5,40.62
0.5,40.63
0.5,40.64
0.5,40.65
0.5,40.66
0.5,40.67
0.5,40.68
0.5,40.69
0.5,40.7
0.5,40.71
0.5,40.72
0.5,40.73
0.5,40.74
0.5,40.75
0.5,40.76
0.5,40.77
0.5,40.78
0.5,40.79
0.5,40.8
0.5,40.81
0.5,40.82
0.5,40.83
0.5,40.84
0.5,40.85
0.5,40.86
0.5,40.87
0.5,40.88
0.5,40.89
0.5,40.9
0.5,40.91
0.5,40.92
0.5,40.93
0.5,40.94
0.5,40.95
0.5,40.96
0.5,40.97
0.5,40.98
0.5,40.99
0.5,41
0.55,37
0.55,37.01
0.55,37.02
0.55,37.03
0.55,37.04
0.55,37.05
0.55,37.06
0.55,37.07
0.55,37.08
0.55,37.09
0.55,37.1
0.55,37.11
0.55,37.12
0.55,37.13
0.55,37.14
0.55,37.15
0.55,37.16
0.55,37.17
0.55,37.18
0.55,37.19
0.55,37.2
0.55,37.21
0.55,37.22
0.55,37.23
0.55,37.24
0.55,37.25
0.55,37.26
0.55,37.27
0.55,37.28
0.55,37.29
0.55,37.3
0.55,37.31
0.55,37.32
0.55,37.33
0.55,37.34
0.55,37.35
0.55,37.36
0.55,37.37
0.55,37.38
0.55,37.39
0.55,37.4
0.55,37.41
0.55,37.42
0.55,37.43
0.55,37.44
0.55,37.45
0.55,37.46
0.55,37.47
0.55,37.48
0.55,37.49
0.55,37.5
0.55,37.51
0.55,37.52
0.55,37.53
0.55,37.54
0.55,37.55
0.55,37.56
0.55,37.57
0.55,37.58
0.55,37.59
0.55,37.6
0.55,37.61
0.55,37.62
0.55,37.63
0.55,37.64
0.55,37.65
0.55,37.66
0.55,37.67
0.55,37.68
0.55,37.69
0.55,37.7
0.55,37.71
0.55,37.72
0.55,37.73
0.55,37.74
0.55,37.75
0.55,37.76
0.55,37.77
0.55,37.78
0.55,37.79
0.55,37.8
0.55,37.81
0.55,37.82
0.55,37.83
0.55,37.84
0.55,37.85
0.55,37.86
0.55,37.87
0.55,37.88
0.55,37.89
0.55,37.9
0.55,37.91
0.55,37.92
0.55,37.93
0.55,37.94
0.55,37.95
0.55,37.96
0.55,37.97
0.55,37.98
0.55,37.99
0.55,38
0.55,38.01
0.55,38.02
0.55,38.03
0.55,38.04
0.55,38.05
0.55,38.06
0.55,38.07
0.55,38.08
0.55,38.09
0.55,38.1
0.55,38.11
0.55,38.12
0.55,38.13
0.55,38.14
0.55,38.15
0.55,38.16
0.55,38.17
0.55,38.18
0.55,38.19
0.55,38.2
0.55,38.21
0.55,38.22
0.55,38.23
0.55,38.24
0.55,38.25
0.55,38.26
0.55,38.27
0.55,38.28
0.55,38.29
0.55,38.3
0.55,38.31
0.55,38.32
0.55,38.33
0.55,38.34
0.55,38.35
0.55,38.36
0.55,38.37
0.55,38.38
0.55,38.39
0.55,38.4
0.55,38.41
0.55,38.42
0.55,38.43
0.55,38.44
0.55,38.45
0.55,38.46
0.55,38.47
0.55,38.48
0.55,38.49
0.55,38.5
0.55,38.51
0.55,38.52
0.55,38.53
0.55,38.54
0.55,38.55
0.55,38.56
0.55,38.57
0.55,38.58
0.55,38.59
0.55,38.6
0.55,38.61
0.55,38.62
0.55,38.63
0.55,38.64
0.55,38.65
0.55,38.66
0.55,38.67
0.55,38.68
0.55,38.69
0.55,38.7
0.55,38.71
0.55,38.72
0.55,38.73
0.55,38.74
0.55,38.75
0.55,38.76
0.55,38.77
0.55,38.78
0.55,38.79
0.55,38.8
0.55,38.81
0.55,38.82
0.55,38.83
0.55,38.84
0.55,38.85
0.55,38.86
0.55,38.87
0.55,38.88
0.55,38.89
0.55,38.9
0.55,38.91
0.55,38.92
0.55,38.93
0.55,38.94
0.55,38.95
0.55,38.96
0.55,38.97
0.55,38.98
0.55,38.99
0.55,39
0.55,39.01
0.55,39.02
0.55,39.03
0.55,39.04
0.55,39.05
0.55,39.06
0.55,39.07
0.55,39.08
0.55,39.09
0.55,39.1
0.55,39.11
0.55,39.12
0.55,39.13
0.55,39.14
0.55,39.15
0.55,39.16
0.55,39.17
0.55,39.18
0.55,39.19
0.55,39.2
0.55,39.21
0.55,39.22
0.55,39.23
0.55,39.24
0.55,39.25
0.55,39.26
0.55,39.27
0.55,39.28
0.55,39.29
0.55,39.3
0.55,39.31
0.55,39.32
0.55,39.33
0.55,39.34
0.55,39.35
0.55,39.36
0.55,39.37
0.55,39.38
0.55,39.39
0.55,39.4
0.55,39.41
0.55,39.42
0.55,39.43
0.55,39.44
0.55,39.45
0.55,39.46
0.55,39.47
0.55,39.48
0.55,39.49
0.55,39.5
0.55,39.51
0.55,39.52
0.55,39.53
0.55,39.54
0.55,39.55
0.55,39.56
0.55,39.57
0.55,39.58
0.55,39.59
0.55,39.6
0.55,39.61
0.55,39.62
0.55,39.63
0.55,39.64
0.55,39.65
0.55,39.66
0.55,39.67
0.55,39.68
0.55,39.69
0.55,39.7
0.55,39.71
0.55,39.72
0.55,39.73
0.55,39.74
0.55,39.75
0.55,39.76
0.55,39.77
0.55,39.78
0.55,39.79
0.55,39.8
0.55,39.81
0.55,39.82
0.55,39.83
0.55,39.84
0.55,39.85
0.55,39.86
0.55,39.87
0.55,39.88
0.55,39.89
0.55,39.9
0.55,39.91
0.55,39.92
0.55,39.93
0.55,39.94
0.55,39.95
0.55,39.96
0.55,39.97
0.55,39.98
0.55,39.99
0.55,40
0.55,40.01
0.55,40.02
0.55,40.03
0.55,40.04
0.55,40.05
0.55,40.06
0.55,40.07
0.55,40.08
0.55,40.09
0.55,40.1
0.55,40.11
0.55,40.12
0.55,40.13
0.55,40.14
0.55,40.15
0.55,40.16
0.55,40.17
0.55,40.18
0.55,40.19
0.55,40.2
0.55,40.21
0.55,40.22
0.55,40.23
0.55,40.24
0.55,40.25
0.55,40.26
0.55,40.27
0.55,40.28
0.55,40.29
0.55,40.3
0.55,40.31
0.55,40.32
0.55,40.33
0.55,40.34
0.55,40.35
0.55,40.36
0.55,40.37
0.55,40.38
0.55,40.39
0.55,40.4
0.55,40.41
0.55,40.42
0.55,40.43
0.55,40.44
0.55,40.45
0.55,40.46
0.55,40.47
0.55,40.48
0.55,40.49
0.55,40.5
0.55,40.51
0.55,40.52
0.55,40.53
0.55,40.54
0.55,40.55
0.55,40.56
0.55,40.57
0.55,40.58
0.55,40.59
0.55,40.6
0.55,40.61
0.55,40.62
0.55,40.63
0.55,40.64
0.55,40.65
0.55,40.66
0.55,40.67
0.55,40.68
0.55,40.69
0.55,40.7
0.55,40.71
0.55,40.72
0.55,40.73
0.55,40.74
0.55,40.75
0.55,40.76
0.55,40.77
0.55,40.78
0.55,40.79
0.55,40.8
0.55,40.81
0.55,40.82
0.55,40.83
0.55,40.84
0.55,40.85
0.55,40.86
0.55,40.87
0.55,40.88
0.55,40.89
0.55,40.9
0.55,40.91
0.55,40.92
0.55,40.93
0.55,40.94
0.55,40.95
0.55,40.96
0.55,40.97
0.55,40.98
0.55,40.99
0.55,41
0.6,37
0.6,37.01
0.6,37.02
0.6,37.03
0.6,37.04
0.6,37.05
0.6,37.06
0.6,37.07
0.6,37.08
0.6,37.09
0.6,37.1
0.6,37.11
0.6,37.12
0.6,37.13
0.6,37.14
0.6,37.15
0.6,37.16
0.6,37.17
0.6,37.18
0.6,37.19
0.6,37.2
0.6,37.21
0.6,37.22
0.6,37.23
0.6,37.24
0.6,37.25
0.6,37.26
0.6,37.27
0.6,37.28
0.6,37.29
0.6,37.3
0.6,37.31
0.6,37.32
0.6,37.33
0.6,37.34
0.6,37.35
0.6,37.36
0.6,37.37
0.6,37.38
0.6,37.39
0.6,37.4
0.6,37.41
0.6,37.42
0.6,37.43
0.6,37.44
0.6,37.45
0.6,37.46
0.6,37.47
0.6,37.48
0.6,37.49
0.6,37.5
0.6,37.51
0.6,37.52
0.6,37.53
0.6,37.54
0.6,37.55
0.6,37.56
0.6,37.57
0.6,37.58
0.6,37.59
0.6,37.6
0.6,37.61
0.6,37.62
0.6,37.63
0.6,37.64
0.6,37.65
0.6,37.66
0.6,37.67
0.6,37.68
0.6,37.69
0.6,37.7
0.6,37.71
0.6,37.72
0.6,37.73
0.6,37.74
0.6,37.75
0.6,37.76
0.6,37.77
0.6,37.78
0.6,37.79
0.6,37.8
0.6,37.81
0.6,37.82
0.6,37.83
0.6,37.84
0.6,37.85
0.6,37.86
0.6,37.87
0.6,37.88
0.6,37.89
0.6,37.9
0.6,37.91
0.6,37.92
0.6,37.93
0.6,37.94
0.6,37.95
0.6,37.96
0.6,37.97
0.6,37.98
0.6,37.99
0.6,38
0.6,38.01
0.6,38.02
0.6,38.03
0.6,38.04
0.6,38.05
0.6,38.06
0.6,38.07
0.6,38.08
0.6,38.09
0.6,38.1
0.6,38.11
0.6,38.12
0.6,38.13
0.6,38.14
0.6,38.15
0.6,38.16
0.6,38.17
0.6,38.18
0.6,38.19
0.6,38.2
0.6,38.21
0.6,38.22
0.6,38.23
0.6,38.24
0.6,38.25
0.6,38.26
0.6,38.27
0.6,38.28
0.6,38.29
0.6,38.3
0.6,38.31
0.6,38.32
0.6,38.33
0.6,38.34
0.6,38.35
0.6,38.36
0.6,38.37
0.6,38.38
0.6,38.39
0.6,38.4
0.6,38.41
0.6,38.42
0.6,38.43
0.6,38.44
0.6,38.45
0.6,38.46
0.6,38.47
0.6,38.48
0.6,38.49
0.6,38.5
0.6,38.51
0.6,38.52
0.6,38.53
0.6,38.54
0.6,38.55
0.6,38.56
0.6,38.57
0.6,38.58
0.6,38.59
0.6,38.6
0.6,38.61
0.6,38.62
0.6,38.63
0.6,38.64
0.6,38.65
0.6,38.66
0.6,38.67
0.6,38.68
0.6,38.69
0.6,38.7
0.6,38.71
0.6,38.72
0.6,38.73
0.6,38.74
0.6,38.75
0.6,38.76
0.6,38.77
0.6,38.78
0.6,38.79
0.6,38.8
0.6,38.81
0.6,38.82
0.6,38.83
0.6,38.84
0.6,38.85
0.6,38.86
0.6,38.87
0.6,38.88
0.6,38.89
0.6,38.9
0.6,38.91
0.6,38.92
0.6,38.93
0.6,38.94
0.6,38.95
0.6,38.96
0.6,38.97
0.6,38.98
0.6,38.99
0.6,39
0.6,39.01
0.6,39.02
0.6,39.03
0.6,39.04
0.6,39.05
0.6,39.06
0.6,39.07
0.6,39.08
0.6,39.09
0.6,39.1
0.6,39.11
0.6,39.12
0.6,39.13
0.6,39.14
0.6,39.15
0.6,39.16
0.6,39.17
0.6,39.18
0.6,39.19
0.6,39.2
0.6,39.21
0.6,39.22
0.6,39.23
0.6,39.24
0.6,39.25
0.6,39.26
0.6,39.27
0.6,39.28
0.6,39.29
0.6,39.3
0.6,39.31
0.6,39.32
0.6,39.33
0.6,39.34
0.6,39.35
0.6,39.36
0.6,39.37
0.6,39.38
0.6,39.39
0.6,39.4
0.6,39.41
0.6,39.42
0.6,39.43
0.6,39.44
0.6,39.45
0.6,39.46
0.6,39.47
0.6,39.48
0.6,39.49
0.6,39.5
0.6,39.51
0.6,39.52
0.6,39.53
0.6,39.54
0.6,39.55
0.6,39.56
0.6,39.57
0.6,39.58
0.6,39.59
0.6,39.6
0.6,39.61
0.6,39.62
0.6,39.63
0.6,39.64
0.6,39.65
0.6,39.66
0.6,39.67
0.6,39.68
0.6,39.69
0.6,39.7
0.6,39.71
0.6,39.72
0.6,39.73
0.6,39.74
0.6,39.75
0.6,39.76
0.6,39.77
0.6,39.78
0.6,39.79
0.6,39.8
0.6,39.81
0.6,39.82
0.6,39.83
0.6,39.84
0.6,39.85
0.6,39.86
0.6,39.87
0.6,39.88
0.6,39.89
0.6,39.9
0.6,39.91
0.6,39.92
0.6,39.93
0.6,39.94
0.6,39.95
0.6,39.96
0.6,39.97
0.6,39.98
0.6,39.99
0.6,40
0.6,40.01
0.6,40.02
0.6,40.03
0.6,40.04
0.6,40.05
0.6,40.06
0.6,40.07
0.6,40.08
0.6,40.09
0.6,40.1
0.6,40.11
0.6,40.12
0.6,40.13
0.6,40.14
0.6,40.15
0.6,40.16
0.6,40.17
0.6,40.18
0.6,40.19
0.6,40.2
0.6,40.21
0.6,40.22
0.6,40.23
0.6,40.24
0.6,40.25
0.6,40.26
0.6,40.27
0.6,40.28
0.6,40.29
0.6,40.3
0.6,40.31
0.6,40.32
0.6,40.33
0.6,40.34
0.6,40.35
0.6,40.36
0.6,40.37
0.6,40.38
0.6,40.39
0.6,40.4
0.6,40.41
0.6,40.42
0.6,40.43
0.6,40.44
0.6,40.45
0.6,40.46
0.6,40.47
0.6,40.48
0.6,40.49
0.6,40.5
0.6,40.51
0.6,40.52
0.6,40.53
0.6,40.54
0.6,40.55
0.6,40.56
0.6,40.57
0.6,40.58
0.6,40.59
0.6,40.6
0.6,40.61
0.6,40.62
0.6,40.63
0.6,40.64
0.6,40.65
0.6,40.66
0.6,40.67
0.6,40.68
0.6,40.69
0.6,40.7
0.6,40.71
0.6,40.72
0.6,40.73
0.6,40.74
0.6,40.75
0.6,40.76
0.6,40.77
0.6,40.78
0.6,40.79
0.6,40.8
0.6,40.81
0.6,40.82
0.6,40.83
0.6,40.84
0.6,40.85
0.6,40.86
0.6,40.87
0.6,40.88
0.6,40.89
0.6,40.9
0.6,40.91
0.6,40.92
0.6,40.93
0.6,40.94
0.6,40.95
0.6,40.96
0.6,40.97
0.6,40.98
0.6,40.99
0.6,41
0.65,37
0.65,37.01
0.65,37.02
0.65,37.03
0.65,37.04
0.65,37.05
0.65,37.06
0.65,37.07
0.65,37.08
0.65,37.09
0.65,37.1
0.65,37.11
0.65,37.12
0.65,37.13
0.65,37.14
0.65,37.15
0.65,37.16
0.65,37.17
0.65,37.18
0.65,37.19
0.65,37.2
0.65,37.21
0.65,37.22
0.65,37.23
0.65,37.24
0.65,37.25
0.65,37.26
0.65,37.27
0.65,37.28
0.65,37.29
0.65,37.3
0.65,37.31
0.65,37.32
0.65,37.33
0.65,37.34
0.65,37.35
0.65,37.36
0.65,37.37
0.65,37.38
0.65,37.39
0.65,37.4
0.65,37.41
0.65,37.42
0.65,37.43
0.65,37.44
0.65,37.45
0.65,37.46
0.65,37.47
0.65,37.48
0.65,37.49
0.65,37.5
0.65,37.51
0.65,37.52
0.65,37.53
0.65,37.54
0.65,37.55
0.65,37.56
0.65,37.57
0.65,37.58
0.65,37.59
0.65,37.6
0.65,37.61
0.65,37.62
0.65,37.63
0.65,37.64
0.65,37.65
0.65,37.66
0.65,37.67
0.65,37.68
0.65,37.69
0.65,37.7
0.65,37.71
0.65,37.72
0.65,37.73
0.65,37.74
0.65,37.75
0.65,37.76
0.65,37.77
0.65,37.78
0.65,37.79
0.65,37.8
0.65,37.81
0.65,37.82
0.65,37.83
0.65,37.84
0.65,37.85
0.65,37.86
0.65,37.87
0.65,37.88
0.65,37.89
0.65,37.9
0.65,37.91
0.65,37.92
0.65,37.93
0.65,37.94
0.65,37.95
0.65,37.96
0.65,37.97
0.65,37.98
0.65,37.99
0.65,38
0.65,38.01
0.65,38.02
0.65,38.03
0.65,38.04
0.65,38.05
0.65,38.06
0.65,38.07
0.65,38.08
0.65,38.09
0.65,38.1
0.65,38.11
0.65,38.12
0.65,38.13
0.65,38.14
0.65,38.15
0.65,38.16
0.65,38.17
0.65,38.18
0.65,38.19
0.65,38.2
0.65,38.21
0.65,38.22
0.65,38.23
0.65,38.24
0.65,38.25
0.65,38.26
0.65,38.27
0.65,38.28
0.65,38.29
0.65,38.3
0.65,38.31
0.65,38.32
0.65,38.33
0.65,38.34
0.65,38.35
0.65,38.36
0.65,38.37
0.65,38.38
0.65,38.39
0.65,38.4
0.65,38.41
0.65,38.42
0.65,38.43
0.65,38.44
0.65,38.45
0.65,38.46
0.65,38.47
0.65,38.48
0.65,38.49
0.65,38.5
0.65,38.51
0.65,38.52
0.65,38.53
0.65,38.54
0.65,38.55
0.65,38.56
0.65,38.57
0.65,38.58
0.65,38.59
0.65,38.6
0.65,38.61
0.65,38.62
0.65,38.63
0.65,38.64
0.65,38.65
0.65,38.66
0.65,38.67
0.65,38.68
0.65,38.69
0.65,38.7
0.65,38.71
0.65,38.72
0.65,38.73
0.65,38.74
0.65,38.75
0.65,38.76
0.65,38.77
0.65,38.78
0.65,38.79
0.65,38.8
0.65,38.81
0.65,38.82
0.65,38.83
0.65,38.84
0.65,38.85
0.65,38.86
0.65,38.87
0.65,38.88
0.65,38.89
0.65,38.9
0.65,38.91
0.65,38.92
0.65,38.93
0.65,38.94
0.65,38.95
0.65,38.96
0.65,38.97
0.65,38.98
0.65,38.99
0.65,39
0.65,39.01
0.65,39.02
0.65,39.03
0.65,39.04
0.65,39.05
0.65,39.06
0.65,39.07
0.65,39.08
0.65,39.09
0.65,39.1
0.65,39.11
0.65,39.12
0.65,39.13
0.65,39.14
0.65,39.15
0.65,39.16
0.65,39.17
0.65,39.18
0.65,39.19
0.65,39.2
0.65,39.21
0.65,39.22
0.65,39.23
0.65,39.24
0.65,39.25
0.65,39.26
0.65,39.27
0.65,39.28
0.65,39.29
0.65,39.3
0.65,39.31
0.65,39.32
0.65,39.33
0.65,39.34
0.65,39.35
0.65,39.36
0.65,39.37
0.65,39.38
0.65,39.39
0.65,39.4
0.65,39.41
0.65,39.42
0.65,39.43
0.65,39.44
0.65,39.45
0.65,39.46
0.65,39.47
0.65,39.48
0.65,39.49
0.65,39.5
0.65,39.51
0.65,39.52
0.65,39.53
0.65,39.54
0.65,39.55
0.65,39.56
0.65,39.57
0.65,39.58
0.65,39.59
0.65,39.6
0.65,39.61
0.65,39.62
0.65,39.63
0.65,39.64
0.65,39.65
0.65,39.66
0.65,39.67
0.65,39.68
0.65,39.69
0.65,39.7
0.65,39.71
0.65,39.72
0.65,39.73
0.65,39.74
0.65,39.75
0.65,39.76
0.65,39.77
0.65,39.78
0.65,39.79
0.65,39.8
0.65,39.81
0.65,39.82
0.65,39.83
0.65,39.84
0.65,39.85
0.65,39.86
0.65,39.87
0.65,39.88
0.65,39.89
0.65,39.9
0.65,39.91
0.65,39.92
0.65,39.93
0.65,39.94
0.65,39.95
0.65,39.96
0.65,39.97
0.65,39.98
0.65,39.99
0.65,40
0.65,40.01
0.65,40.02
0.65,40.03
0.65,40.04
0.65,40.05
0.65,40.06
0.65,40.07
0.65,40.08
0.65,40.09
0.65,40.1
0.65,40.11
0.65,40.12
0.65,40.13
0.65,40.14
0.65,40.15
0.65,40.16
0.65,40.17
0.65,40.18
0.65,40.19
0.65,40.2
0.65,40.21
0.65,40.22
0.65,40.23
0.65,40.24
0.65,40.25
0.65,40.26
0.65,40.27
0.65,40.28
0.65,40.29
0.65,40.3
0.65,40.31
0.65,40.32
0.65,40.33
0.65,40.34
0.65,40.35
0.65,40.36
0.65,40.37
0.65,40.38
0.65,40.39
0.65,40.4
0.65,40.41
0.65,40.42
0.65,40.43
0.65,40.44
0.65,40.45
0.65,40.46
0.65,40.47
0.65,40.48
0.65,40.49
0.65,40.5
0.65,40.51
0.65,40.52
0.65,40.53
0.65,40.54
0.65,40.55
0.65,40.56
0.65,40.57
0.65,40.58
0.65,40.59
0.65,40.6
0.65,40.61
0.65,40.62
0.65,40.63
0.65,40.64
0.65,40.65
0.65,40.66
0.65,40.67
0.65,40.68
0.65,40.69
0.65,40.7
0.65,40.71
0.65,40.72
0.65,40.73
0.65,40.74
0.65,40.75
0.65,40.76
0.65,40.77
0.65,40.78
0.65,40.79
0.65,40.8
0.65,40.81
0.65,40.82
0.65,40.83
0.65,40.84
0.65,40.85
0.65,40.86
0.65,40.87
0.65,40.88
0.65,40.89
0.65,40.9
0.65,40.91
0.65,40.92
0.65,40.93
0.65,40.94
0.65,40.95
0.65,40.96
0.65,40.97
0.65,40.98
0.65,40.99
0.65,41
0.7,37
0.7,37.01
0.7,37.02
0.7,37.03
0.7,37.04
0.7,37.05
0.7,37.06
0.7,37.07
0.7,37.08
0.7,37.09
0.7,37.1
0.7,37.11
0.7,37.12
0.7,37.13
0.7,37.14
0.7,37.15
0.7,37.16
0.7,37.17
0.7,37.18
0.7,37.19
0.7,37.2
0.7,37.21
0.7,37.22
0.7,37.23
0.7,37.24
0.7,37.25
0.7,37.26
0.7,37.27
0.7,37.28
0.7,37.29
0.7,37.3
0.7,37.31
0.7,37.32
0.7,37.33
0.7,37.34
0.7,37.35
0.7,37.36
0.7,37.37
0.7,37.38
0.7,37.39
0.7,37.4
0.7,37.41
0.7,37.42
0.7,37.43
0.7,37.44
0.7,37.45
0.7,37.46
0.7,37.47
0.7,37.48
0.7,37.49
0.7,37.5
0.7,37.51
0.7,37.52
0.7,37.53
0.7,37.54
0.7,37.55
0.7,37.56
0.7,37.57
0.7,37.58
0.7,37.59
0.7,37.6
0.7,37.61
0.7,37.62
0.7,37.63
0.7,37.64
0.7,37.65
0.7,37.66
0.7,37.67
0.7,37.68
0.7,37.69
0.7,37.7
0.7,37.71
0.7,37.72
0.7,37.73
0.7,37.74
0.7,37.75
0.7,37.76
0.7,37.77
0.7,37.78
0.7,37.79
0.7,37.8
0.7,37.81
0.7,37.82
0.7,37.83
0.7,37.84
0.7,37.85
0.7,37.86
0.7,37.87
0.7,37.88
0.7,37.89
0.7,37.9
0.7,37.91
0.7,37.92
0.7,37.93
0.7,37.94
0.7,37.95
0.7,37.96
0.7,37.97
0.7,37.98
0.7,37.99
0.7,38
0.7,38.01
0.7,38.02
0.7,38.03
0.7,38.04
0.7,38.05
0.7,38.06
0.7,38.07
0.7,38.08
0.7,38.09
0.7,38.1
0.7,38.11
0.7,38.12
0.7,38.13
0.7,38.14
0.7,38.15
0.7,38.16
0.7,38.17
0.7,38.18
0.7,38.19
0.7,38.2
0.7,38.21
0.7,38.22
0.7,38.23
0.7,38.24
0.7,38.25
0.7,38.26
0.7,38.27
0.7,38.28
0.7,38.29
0.7,38.3
0.7,38.31
0.7,38.32
0.7,38.33
0.7,38.34
0.7,38.35
0.7,38.36
0.7,38.37
0.7,38.38
0.7,38.39
0.7,38.4
0.7,38.41
0.7,38.42
0.7,38.43
0.7,38.44
0.7,38.45
0.7,38.46
0.7,38.47
0.7,38.48
0.7,38.49
0.7,38.5
0.7,38.51
0.7,38.52
0.7,38.53
0.7,38.54
0.7,38.55
0.7,38.56
0.7,38.57
0.7,38.58
0.7,38.59
0.7,38.6
0.7,38.61
0.7,38.62
0.7,38.63
0.7,38.64
0.7,38.65
0.7,38.66
0.7,38.67
0.7,38.68
0.7,38.69
0.7,38.7
0.7,38.71
0.7,38.72
0.7,38.73
0.7,38.74
0.7,38.75
0.7,38.76
0.7,38.77
0.7,38.78
0.7,38.79
0.7,38.8
0.7,38.81
0.7,38.82
0.7,38.83
0.7,38.84
0.7,38.85
0.7,38.86
0.7,38.87
0.7,38.88
0.7,38.89
0.7,38.9
0.7,38.91
0.7,38.92
0.7,38.93
0.7,38.94
0.7,38.95
0.7,38.96
0.7,38.97
0.7,38.98
0.7,38.99
0.7,39
0.7,39.01
0.7,39.02
0.7,39.03
0.7,39.04
0.7,39.05
0.7,39.06
0.7,39.07
0.7,39.08
0.7,39.09
0.7,39.1
0.7,39.11
0.7,39.12
0.7,39.13
0.7,39.14
0.7,39.15
0.7,39.16
0.7,39.17
0.7,39.18
0.7,39.19
0.7,39.2
0.7,39.21
0.7,39.22
0.7,39.23
0.7,39.24
0.7,39.25
0.7,39.26
0.7,39.27
0.7,39.28
0.7,39.29
0.7,39.3
0.7,39.31
0.7,39.32
0.7,39.33
0.7,39.34
0.7,39.35
0.7,39.36
0.7,39.37
0.7,39.38
0.7,39.39
0.7,39.4
0.7,39.41
0.7,39.42
0.7,39.43
0.7,39.44
0.7,39.45
0.7,39.46
0.7,39.47
0.7,39.48
0.7,39.49
0.7,39.5
0.7,39.51
0.7,39.52
0.7,39.53
0.7,39.54
0.7,39.55
0.7,39.56
0.7,39.57
0.7,39.58
0.7,39.59
0.7,39.6
0.7,39.61
0.7,39.62
0.7,39.63
0.7,39.64
0.7,39.65
0.7,39.66
0.7,39.67
0.7,39.68
0.7,39.69
0.7,39.7
0.7,39.71
0.7,39.72
0.7,39.73
0.7,39.74
0.7,39.75
0.7,39.76
0.7,39.77
0.7,39.78
0.7,39.79
0.7,39.8
0.7,39.81
0.7,39.82
0.7,39.83
0.7,39.84
0.7,39.85
0.7,39.86
0.7,39.87
0.7,39.88
0.7,39.89
0.7,39.9
0.7,39.91
0.7,39.92
0.7,39.93
0.7,39.94
0.7,39.95
0.7,39.96
0.7,39.97
0.7,39.98
0.7,39.99
0.7,40
0.7,40.01
0.7,40.02
0.7,40.03
0.7,40.04
0.7,40.05
0.7,40.06
0.7,40.07
0.7,40.08
0.7,40.09
0.7,40.1
0.7,40.11
0.7,40.12
0.7,40.13
0.7,40.14
0.7,40.15
0.7,40.16
0.7,40.17
0.7,40.18
0.7,40.19
0.7,40.2
0.7,40.21
0.7,40.22
0.7,40.23
0.7,40.24
0.7,40.25
0.7,40.26
0.7,40.27
0.7,40.28
0.7,40.29
0.7,40.3
0.7,40.31
0.7,40.32
0.7,40.33
0.7,40.34
0.7,40.35
0.7,40.36
0.7,40.37
0.7,40.38
0.7,40.39
0.7,40.4
0.7,40.41
0.7,40.42
0.7,40.43
0.7,40.44
0.7,40.45
0.7,40.46
0.7,40.47
0.7,40.48
0.7,40.49
0.7,40.5
0.7,40.51
0.7,40.52
0.7,40.53
0.7,40.54
0.7,40.55
0.7,40.56
0.7,40.57
0.7,40.58
0.7,40.59
0.7,40.6
0.7,40.61
0.7,40.62
0.7,40.63
0.7,40.64
0.7,40.65
0.7,40.66
0.7,40.67
0.7,40.68
0.7,40.69
0.7,40.7
0.7,40.71
0.7,40.72
0.7,40.73
0.7,40.74
0.7,40.75
0.7,40.76
0.7,40.77
0.7,40.78
0.7,40.79
0.7,40.8
0.7,40.81
0.7,40.82
0.7,40.83
0.7,40.84
0.7,40.85
0.7,40.86
0.7,40.87
0.7,40.88
0.7,40.89
0.7,40.9
0.7,40.91
0.7,40.92
0.7,40.93
0.7,40.94
0.7,40.95
0.7,40.96
0.7,40.97
0.7,40.98
0.7,40.99
0.7,41
0.75,37
0.75,37.01
0.75,37.02
0.75,37.03
0.75,37.04
0.75,37.05
0.75,37.06
0.75,37.07
0.75,37.08
0.75,37.09
0.75,37.1
0.75,37.11
0.75,37.12
0.75,37.13
0.75,37.14
0.75,37.15
0.75,37.16
0.75,37.17
0.75,37.18
0.75,37.19
0.75,37.2
0.75,37.21
0.75,37.22
0.75,37.23
0.75,37.24
0.75,37.25
0.75,37.26
0.75,37.27
0.75,37.28
0.75,37.29
0.75,37.3
0.75,37.31
0.75,37.32
0.75,37.33
0.75,37.34
0.75,37.35
0.75,37.36
0.75,37.37
0.75,37.38
0.75,37.39
0.75,37.4
0.75,37.41
0.75,37.42
0.75,37.43
0.75,37.44
0.75,37.45
0.75,37.46
0.75,37.47
0.75,37.48
0.75,37.49
0.75,37.5
0.75,37.51
0.75,37.52
0.75,37.53
0.75,37.54
0.75,37.55
0.75,37.56
0.75,37.57
0.75,37.58
0.75,37.59
0.75,37.6
0.75,37.61
0.75,37.62
0.75,37.63
0.75,37.64
0.75,37.65
0.75,37.66
0.75,37.67
0.75,37.68
0.75,37.69
0.75,37.7
0.75,37.71
0.75,37.72
0.75,37.73
0.75,37.74
0.75,37.75
0.75,37.76
0.75,37.77
0.75,37.78
0.75,37.79
0.75,37.8
0.75,37.81
0.75,37.82
0.75,37.83
0.75,37.84
0.75,37.85
0.75,37.86
0.75,37.87
0.75,37.88
0.75,37.89
0.75,37.9
0.75,37.91
0.75,37.92
0.75,37.93
0.75,37.94
0.75,37.95
0.75,37.96
0.75,37.97
0.75,37.98
0.75,37.99
0.75,38
0.75,38.01
0.75,38.02
0.75,38.03
0.75,38.04
0.75,38.05
0.75,38.06
0.75,38.07
0.75,38.08
0.75,38.09
0.75,38.1
0.75,38.11
0.75,38.12
0.75,38.13
0.75,38.14
0.75,38.15
0.75,38.16
0.75,38.17
0.75,38.18
0.75,38.19
0.75,38.2
0.75,38.21
0.75,38.22
0.75,38.23
0.75,38.24
0.75,38.25
0.75,38.26
0.75,38.27
0.75,38.28
0.75,38.29
0.75,38.3
0.75,38.31
0.75,38.32
0.75,38.33
0.75,38.34
0.75,38.35
0.75,38.36
0.75,38.37
0.75,38.38
0.75,38.39
0.75,38.4
0.75,38.41
0.75,38.42
0.75,38.43
0.75,38.44
0.75,38.45
0.75,38.46
0.75,38.47
0.75,38.48
0.75,38.49
0.75,38.5
0.75,38.51
0.75,38.52
0.75,38.53
0.75,38.54
0.75,38.55
0.75,38.56
0.75,38.57
0.75,38.58
0.75,38.59
0.75,38.6
0.75,38.61
0.75,38.62
0.75,38.63
0.75,38.64
0.75,38.65
0.75,38.66
0.75,38.67
0.75,38.68
0.75,38.69
0.75,38.7
0.75,38.71
0.75,38.72
0.75,38.73
0.75,38.74
0.75,38.75
0.75,38.76
0.75,38.77
0.75,38.78
0.75,38.79
0.75,38.8
0.75,38.81
0.75,38.82
0.75,38.83
0.75,38.84
0.75,38.85
0.75,38.86
0.75,38.87
0.75,38.88
0.75,38.89
0.75,38.9
0.75,38.91
0.75,38.92
0.75,38.93
0.75,38.94
0.75,38.95
0.75,38.96
0.75,38.97
0.75,38.98
0.75,38.99
0.75,39
0.75,39.01
0.75,39.02
0.75,39.03
0.75,39.04
0.75,39.05
0.75,39.06
0.75,39.07
0.75,39.08
0.75,39.09
0.75,39.1
0.75,39.11
0.75,39.12
0.75,39.13
0.75,39.14
0.75,39.15
0.75,39.16
0.75,39.17
0.75,39.18
0.75,39.19
0.75,39.2
0.75,39.21
0.75,39.22
0.75,39.23
0.75,39.24
0.75,39.25
0.75,39.26
0.75,39.27
0.75,39.28
0.75,39.29
0.75,39.3
0.75,39.31
0.75,39.32
0.75,39.33
0.75,39.34
0.75,39.35
0.75,39.36
0.75,39.37
0.75,39.38
0.75,39.39
0.75,39.4
0.75,39.41
0.75,39.42
0.75,39.43
0.75,39.44
0.75,39.45
0.75,39.46
0.75,39.47
0.75,39.48
0.75,39.49
0.75,39.5
0.75,39.51
0.75,39.52
0.75,39.53
0.75,39.54
0.75,39.55
0.75,39.56
0.75,39.57
0.75,39.58
0.75,39.59
0.75,39.6
0.75,39.61
0.75,39.62
0.75,39.63
0.75,39.64
0.75,39.65
0.75,39.66
0.75,39.67
0.75,39.68
0.75,39.69
0.75,39.7
0.75,39.71
0.75,39.72
0.75,39.73
0.75,39.74
0.75,39.75
0.75,39.76
0.75,39.77
0.75,39.78
0.75,39.79
0.75,39.8
0.75,39.81
0.75,39.82
0.75,39.83
0.75,39.84
0.75,39.85
0.75,39.86
0.75,39.87
0.75,39.88
0.75,39.89
0.75,39.9
0.75,39.91
0.75,39.92
0.75,39.93
0.75,39.94
0.75,39.95
0.75,39.96
0.75,39.97
0.75,39.98
0.75,39.99
0.75,40
0.75,40.01
0.75,40.02
0.75,40.03
0.75,40.04
0.75,40.05
0.75,40.06
0.75,40.07
0.75,40.08
0.75,40.09
0.75,40.1
0.75,40.11
0.75,40.12
0.75,40.13
0.75,40.14
0.75,40.15
0.75,40.16
0.75,40.17
0.75,40.18
0.75,40.19
0.75,40.2
0.75,40.21
0.75,40.22
0.75,40.23
0.75,40.24
0.75,40.25
0.75,40.26
0.75,40.27
0.75,40.28
0.75,40.29
0.75,40.3
0.75,40.31
0.75,40.32
0.75,40.33
0.75,40.34
0.75,40.35
0.75,40.36
0.75,40.37
0.75,40.38
0.75,40.39
0.75,40.4
0.75,40.41
0.75,40.42
0.75,40.43
0.75,40.44
0.75,40.45
0.75,40.46
0.75,40.47
0.75,40.48
0.75,40.49
0.75,40.5
0.75,40.51
0.75,40.52
0.75,40.53
0.75,40.54
0.75,40.55
0.75,40.56
0.75,40.57
0.75,40.58
0.75,40.59
0.75,40.6
0.75,40.61
0.75,40.62
0.75,40.63
0.75,40.64
0.75,40.65
0.75,40.66
0.75,40.67
0.75,40.68
0.75,40.69
0.75,40.7
0.75,40.71
0.75,40.72
0.75,40.73
0.75,40.74
0.75,40.75
0.75,40.76
0.75,40.77
0.75,40.78
0.75,40.79
0.75,40.8
0.75,40.81
0.75,40.82
0.75,40.83
0.75,40.84
0.75,40.85
0.75,40.86
0.75,40.87
0.75,40.88
0.75,40.89
0.75,40.9
0.75,40.91
0.75,40.92
0.75,40.93
0.75,40.94
0.75,40.95
0.75,40.96
0.75,40.97
0.75,40.98
0.75,40.99
0.75,41
0.8,37
0.8,37.01
0.8,37.02
0.8,37.03
0.8,37.04
0.8,37.05
0.8,37.06
0.8,37.07
0.8,37.08
0.8,37.09
0.8,37.1
0.8,37.11
0.8,37.12
0.8,37.13
0.8,37.14
0.8,37.15
0.8,37.16
0.8,37.17
0.8,37.18
0.8,37.19
0.8,37.2
0.8,37.21
0.8,37.22
0.8,37.23
0.8,37.24
0.8,37.25
0.8,37.26
0.8,37.27
0.8,37.28
0.8,37.29
0.8,37.3
0.8,37.31
0.8,37.32
0.8,37.33
0.8,37.34
0.8,37.35
0.8,37.36
0.8,37.37
0.8,37.38
0.8,37.39
0.8,37.4
0.8,37.41
0.8,37.42
0.8,37.43
0.8,37.44
0.8,37.45
0.8,37.46
0.8,37.47
0.8,37.48
0.8,37.49
0.8,37.5
0.8,37.51
0.8,37.52
0.8,37.53
0.8,37.54
0.8,37.55
0.8,37.56
0.8,37.57
0.8,37.58
0.8,37.59
0.8,37.6
0.8,37.61
0.8,37.62
0.8,37.63
0.8,37.64
0.8,37.65
0.8,37.66
0.8,37.67
0.8,37.68
0.8,37.69
0.8,37.7
0.8,37.71
0.8,37.72
0.8,37.73
0.8,37.74
0.8,37.75
0.8,37.76
0.8,37.77
0.8,37.78
0.8,37.79
0.8,37.8
0.8,37.81
0.8,37.82
0.8,37.83
0.8,37.84
0.8,37.85
0.8,37.86
0.8,37.87
0.8,37.88
0.8,37.89
0.8,37.9
0.8,37.91
0.8,37.92
0.8,37.93
0.8,37.94
0.8,37.95
0.8,37.96
0.8,37.97
0.8,37.98
0.8,37.99
0.8,38
0.8,38.01
0.8,38.02
0.8,38.03
0.8,38.04
0.8,38.05
0.8,38.06
0.8,38.07
0.8,38.08
0.8,38.09
0.8,38.1
0.8,38.11
0.8,38.12
0.8,38.13
0.8,38.14
0.8,38.15
0.8,38.16
0.8,38.17
0.8,38.18
0.8,38.19
0.8,38.2
0.8,38.21
0.8,38.22
0.8,38.23
0.8,38.24
0.8,38.25
0.8,38.26
0.8,38.27
0.8,38.28
0.8,38.29
0.8,38.3
0.8,38.31
0.8,38.32
0.8,38.33
0.8,38.34
0.8,38.35
0.8,38.36
0.8,38.37
0.8,38.38
0.8,38.39
0.8,38.4
0.8,38.41
0.8,38.42
0.8,38.43
0.8,38.44
0.8,38.45
0.8,38.46
0.8,38.47
0.8,38.48
0.8,38.49
0.8,38.5
0.8,38.51
0.8,38.52
0.8,38.53
0.8,38.54
0.8,38.55
0.8,38.56
0.8,38.57
0.8,38.58
0.8,38.59
0.8,38.6
0.8,38.61
0.8,38.62
0.8,38.63
0.8,38.64
0.8,38.65
0.8,38.66
0.8,38.67
0.8,38.68
0.8,38.69
0.8,38.7
0.8,38.71
0.8,38.72
0.8,38.73
0.8,38.74
0.8,38.75
0.8,38.76
0.8,38.77
0.8,38.78
0.8,38.79
0.8,38.8
0.8,38.81
0.8,38.82
0.8,38.83
0.8,38.84
0.8,38.85
0.8,38.86
0.8,38.87
0.8,38.88
0.8,38.89
0.8,38.9
0.8,38.91
0.8,38.92
0.8,38.93
0.8,38.94
0.8,38.95
0.8,38.96
0.8,38.97
0.8,38.98
0.8,38.99
0.8,39
0.8,39.01
0.8,39.02
0.8,39.03
0.8,39.04
0.8,39.05
0.8,39.06
0.8,39.07
0.8,39.08
0.8,39.09
0.8,39.1
0.8,39.11
0.8,39.12
0.8,39.13
0.8,39.14
0.8,39.15
0.8,39.16
0.8,39.17
0.8,39.18
0.8,39.19
0.8,39.2
0.8,39.21
0.8,39.22
0.8,39.23
0.8,39.24
0.8,39.25
0.8,39.26
0.8,39.27
0.8,39.28
0.8,39.29
0.8,39.3
0.8,39.31
0.8,39.32
0.8,39.33
0.8,39.34
0.8,39.35
0.8,39.36
0.8,39.37
0.8,39.38
0.8,39.39
0.8,39.4
0.8,39.41
0.8,39.42
0.8,39.43
0.8,39.44
0.8,39.45
0.8,39.46
0.8,39.47
0.8,39.48
0.8,39.49
0.8,39.5
0.8,39.51
0.8,39.52
0.8,39.53
0.8,39.54
0.8,39.55
0.8,39.56
0.8,39.57
0.8,39.58
0.8,39.59
0.8,39.6
0.8,39.61
0.8,39.62
0.8,39.63
0.8,39.64
0.8,39.65
0.8,39.66
0.8,39.67
0.8,39.68
0.8,39.69
0.8,39.7
0.8,39.71
0.8,39.72
0.8,39.73
0.8,39.74
0.8,39.75
0.8,39.76
0.8,39.77
0.8,39.78
0.8,39.79
0.8,39.8
0.8,39.81
0.8,39.82
0.8,39.83
0.8,39.84
0.8,39.85
0.8,39.86
0.8,39.87
0.8,39.88
0.8,39.89
0.8,39.9
0.8,39.91
0.8,39.92
0.8,39.93
0.8,39.94
0.8,39.95
0.8,39.96
0.8,39.97
0.8,39.98
0.8,39.99
0.8,40
0.8,40.01
0.8,40.02
0.8,40.03
0.8,40.04
0.8,40.05
0.8,40.06
0.8,40.07
0.8,40.08
0.8,40.09
0.8,40.1
0.8,40.11
0.8,40.12
0.8,40.13
0.8,40.14
0.8,40.15
0.8,40.16
0.8,40.17
0.8,40.18
0.8,40.19
0.8,40.2
0.8,40.21
0.8,40.22
0.8,40.23
0.8,40.24
0.8,40.25
0.8,40.26
0.8,40.27
0.8,40.28
0.8,40.29
0.8,40.3
0.8,40.31
0.8,40.32
0.8,40.33
0.8,40.34
0.8,40.35
0.8,40.36
0.8,40.37
0.8,40.38
0.8,40.39
0.8,40.4
0.8,40.41
0.8,40.42
0.8,40.43
0.8,40.44
0.8,40.45
0.8,40.46
0.8,40.47
0.8,40.48
0.8,40.49
0.8,40.5
0.8,40.51
0.8,40.52
0.8,40.53
0.8,40.54
0.8,40.55
0.8,40.56
0.8,40.57
0.8,40.58
0.8,40.59
0.8,40.6
0.8,40.61
0.8,40.62
0.8,40.63
0.8,40.64
0.8,40.65
0.8,40.66
0.8,40.67
0.8,40.68
0.8,40.69
0.8,40.7
0.8,40.71
0.8,40.72
0.8,40.73
0.8,40.74
0.8,40.75
0.8,40.76
0.8,40.77
0.8,40.78
0.8,40.79
0.8,40.8
0.8,40.81
0.8,40.82
0.8,40.83
0.8,40.84
0.8,40.85
0.8,40.86
0.8,40.87
0.8,40.88
0.8,40.89
0.8,40.9
0.8,40.91
0.8,40.92
0.8,40.93
0.8,40.94
0.8,40.95
0.8,40.96
0.8,40.97
0.8,40.98
0.8,40.99
0.8,41
0.85,37
0.85,37.01
0.85,37.02
0.85,37.03
0.85,37.04
0.85,37.05
0.85,37.06
0.85,37.07
0.85,37.08
0.85,37.09
0.85,37.1
0.85,37.11
0.85,37.12
0.85,37.13
0.85,37.14
0.85,37.15
0.85,37.16
0.85,37.17
0.85,37.18
0.85,37.19
0.85,37.2
0.85,37.21
0.85,37.22
0.85,37.23
0.85,37.24
0.85,37.25
0.85,37.26
0.85,37.27
0.85,37.28
0.85,37.29
0.85,37.3
0.85,37.31
0.85,37.32
0.85,37.33
0.85,37.34
0.85,37.35
0.85,37.36
0.85,37.37
0.85,37.38
0.85,37.39
0.85,37.4
0.85,37.41
0.85,37.42
0.85,37.43
0.85,37.44
0.85,37.45
0.85,37.46
0.85,37.47
0.85,37.48
0.85,37.49
0.85,37.5
0.85,37.51
0.85,37.52
0.85,37.53
0.85,37.54
0.85,37.55
0.85,37.56
0.85,37.57
0.85,37.58
0.85,37.59
0.85,37.6
0.85,37.61
0.85,37.62
0.85,37.63
0.85,37.64
0.85,37.65
0.85,37.66
0.85,37.67
0.85,37.68
0.85,37.69
0.85,37.7
0.85,37.71
0.85,37.72
0.85,37.73
0.85,37.74
0.85,37.75
0.85,37.76
0.85,37.77
0.85,37.78
0.85,37.79
0.85,37.8
0.85,37.81
0.85,37.82
0.85,37.83
0.85,37.84
0.85,37.85
0.85,37.86
0.85,37.87
0.85,37.88
0.85,37.89
0.85,37.9
0.85,37.91
0.85,37.92
0.85,37.93
0.85,37.94
0.85,37.95
0.85,37.96
0.85,37.97
0.85,37.98
0.85,37.99
0.85,38
0.85,38.01
0.85,38.02
0.85,38.03
0.85,38.04
0.85,38.05
0.85,38.06
0.85,38.07
0.85,38.08
0.85,38.09
0.85,38.1
0.85,38.11
0.85,38.12
0.85,38.13
0.85,38.14
0.85,38.15
0.85,38.16
0.85,38.17
0.85,38.18
0.85,38.19
0.85,38.2
0.85,38.21
0.85,38.22
0.85,38.23
0.85,38.24
0.85,38.25
0.85,38.26
0.85,38.27
0.85,38.28
0.85,38.29
0.85,38.3
0.85,38.31
0.85,38.32
0.85,38.33
0.85,38.34
0.85,38.35
0.85,38.36
0.85,38.37
0.85,38.38
0.85,38.39
0.85,38.4
0.85,38.41
0.85,38.42
0.85,38.43
0.85,38.44
0.85,38.45
0.85,38.46
0.85,38.47
0.85,38.48
0.85,38.49
0.85,38.5
0.85,38.51
0.85,38.52
0.85,38.53
0.85,38.54
0.85,38.55
0.85,38.56
0.85,38.57
0.85,38.58
0.85,38.59
0.85,38.6
0.85,38.61
0.85,38.62
0.85,38.63
0.85,38.64
0.85,38.65
0.85,38.66
0.85,38.67
0.85,38.68
0.85,38.69
0.85,38.7
0.85,38.71
0.85,38.72
0.85,38.73
0.85,38.74
0.85,38.75
0.85,38.76
0.85,38.77
0.85,38.78
0.85,38.79
0.85,38.8
0.85,38.81
0.85,38.82
0.85,38.83
0.85,38.84
0.85,38.85
0.85,38.86
0.85,38.87
0.85,38.88
0.85,38.89
0.85,38.9
0.85,38.91
0.85,38.92
0.85,38.93
0.85,38.94
0.85,38.95
0.85,38.96
0.85,38.97
0.85,38.98
0.85,38.99
0.85,39
0.85,39.01
0.85,39.02
0.85,39.03
0.85,39.04
0.85,39.05
0.85,39.06
0.85,39.07
0.85,39.08
0.85,39.09
0.85,39.1
0.85,39.11
0.85,39.12
0.85,39.13
0.85,39.14
0.85,39.15
0.85,39.16
0.85,39.17
0.85,39.18
0.85,39.19
0.85,39.2
0.85,39.21
0.85,39.22
0.85,39.23
0.85,39.24
0.85,39.25
0.85,39.26
0.85,39.27
0.85,39.28
0.85,39.29
0.85,39.3
0.85,39.31
0.85,39.32
0.85,39.33
0.85,39.34
0.85,39.35
0.85,39.36
0.85,39.37
0.85,39.38
0.85,39.39
0.85,39.4
0.85,39.41
0.85,39.42
0.85,39.43
0.85,39.44
0.85,39.45
0.85,39.46
0.85,39.47
0.85,39.48
0.85,39.49
0.85,39.5
0.85,39.51
0.85,39.52
0.85,39.53
0.85,39.54
0.85,39.55
0.85,39.56
0.85,39.57
0.85,39.58
0.85,39.59
0.85,39.6
0.85,39.61
0.85,39.62
0.85,39.63
0.85,39.64
0.85,39.65
0.85,39.66
0.85,39.67
0.85,39.68
0.85,39.69
0.85,39.7
0.85,39.71
0.85,39.72
0.85,39.73
0.85,39.74
0.85,39.75
0.85,39.76
0.85,39.77
0.85,39.78
0.85,39.79
0.85,39.8
0.85,39.81
0.85,39.82
0.85,39.83
0.85,39.84
0.85,39.85
0.85,39.86
0.85,39.87
0.85,39.88
0.85,39.89
0.85,39.9
0.85,39.91
0.85,39.92
0.85,39.93
0.85,39.94
0.85,39.95
0.85,39.96
0.85,39.97
0.85,39.98
0.85,39.99
0.85,40
0.85,40.01
0.85,40.02
0.85,40.03
0.85,40.04
0.85,40.05
0.85,40.06
0.85,40.07
0.85,40.08
0.85,40.09
0.85,40.1
0.85,40.11
0.85,40.12
0.85,40.13
0.85,40.14
0.85,40.15
0.85,40.16
0.85,40.17
0.85,40.18
0.85,40.19
0.85,40.2
0.85,40.21
0.85,40.22
0.85,40.23
0.85,40.24
0.85,40.25
0.85,40.26
0.85,40.27
0.85,40.28
0.85,40.29
0.85,40.3
0.85,40.31
0.85,40.32
0.85,40.33
0.85,40.34
0.85,40.35
0.85,40.36
0.85,40.37
0.85,40.38
0.85,40.39
0.85,40.4
0.85,40.41
0.85,40.42
0.85,40.43
0.85,40.44
0.85,40.45
0.85,40.46
0.85,40.47
0.85,40.48
0.85,40.49
0.85,40.5
0.85,40.51
0.85,40.52
0.85,40.53
0.85,40.54
0.85,40.55
0.85,40.56
0.85,40.57
0.85,40.58
0.85,40.59
0.85,40.6
0.85,40.61
0.85,40.62
0.85,40.63
0.85,40.64
0.85,40.65
0.85,40.66
0.85,40.67
0.85,40.68
0.85,40.69
0.85,40.7
0.85,40.71
0.85,40.72
0.85,40.73
0.85,40.74
0.85,40.75
0.85,40.76
0.85,40.77
0.85,40.78
0.85,40.79
0.85,40.8
0.85,40.81
0.85,40.82
0.85,40.83
0.85,40.84
0.85,40.85
0.85,40.86
0.85,40.87
0.85,40.88
0.85,40.89
0.85,40.9
0.85,40.91
0.85,40.92
0.85,40.93
0.85,40.94
0.85,40.95
0.85,40.96
0.85,40.97
0.85,40.98
0.85,40.99
0.85,41
0.9,37
0.9,37.01
0.9,37.02
0.9,37.03
0.9,37.04
0.9,37.05
0.9,37.06
0.9,37.07
0.9,37.08
0.9,37.09
0.9,37.1
0.9,37.11
0.9,37.12
0.9,37.13
0.9,37.14
0.9,37.15
0.9,37.16
0.9,37.17
0.9,37.18
0.9,37.19
0.9,37.2
0.9,37.21
0.9,37.22
0.9,37.23
0.9,37.24
0.9,37.25
0.9,37.26
0.9,37.27
0.9,37.28
0.9,37.29
0.9,37.3
0.9,37.31
0.9,37.32
0.9,37.33
0.9,37.34
0.9,37.35
0.9,37.36
0.9,37.37
0.9,37.38
0.9,37.39
0.9,37.4
0.9,37.41
0.9,37.42
0.9,37.43
0.9,37.44
0.9,37.45
0.9,37.46
0.9,37.47
0.9,37.48
0.9,37.49
0.9,37.5
0.9,37.51
0.9,37.52
0.9,37.53
0.9,37.54
0.9,37.55
0.9,37.56
0.9,37.57
0.9,37.58
0.9,37.59
0.9,37.6
0.9,37.61
0.9,37.62
0.9,37.63
0.9,37.64
0.9,37.65
0.9,37.66
0.9,37.67
0.9,37.68
0.9,37.69
0.9,37.7
0.9,37.71
0.9,37.72
0.9,37.73
0.9,37.74
0.9,37.75
0.9,37.76
0.9,37.77
0.9,37.78
0.9,37.79
0.9,37.8
0.9,37.81
0.9,37.82
0.9,37.83
0.9,37.84
0.9,37.85
0.9,37.86
0.9,37.87
0.9,37.88
0.9,37.89
0.9,37.9
0.9,37.91
0.9,37.92
0.9,37.93
0.9,37.94
0.9,37.95
0.9,37.96
0.9,37.97
0.9,37.98
0.9,37.99
0.9,38
0.9,38.01
0.9,38.02
0.9,38.03
0.9,38.04
0.9,38.05
0.9,38.06
0.9,38.07
0.9,38.08
0.9,38.09
0.9,38.1
0.9,38.11
0.9,38.12
0.9,38.13
0.9,38.14
0.9,38.15
0.9,38.16
0.9,38.17
0.9,38.18
0.9,38.19
0.9,38.2
0.9,38.21
0.9,38.22
0.9,38.23
0.9,38.24
0.9,38.25
0.9,38.26
0.9,38.27
0.9,38.28
0.9,38.29
0.9,38.3
0.9,38.31
0.9,38.32
0.9,38.33
0.9,38.34
0.9,38.35
0.9,38.36
0.9,38.37
0.9,38.38
0.9,38.39
0.9,38.4
0.9,38.41
0.9,38.42
0.9,38.43
0.9,38.44
0.9,38.45
0.9,38.46
0.9,38.47
0.9,38.48
0.9,38.49
0.9,38.5
0.9,38.51
0.9,38.52
0.9,38.53
0.9,38.54
0.9,38.55
0.9,38.56
0.9,38.57
0.9,38.58
0.9,38.59
0.9,38.6
0.9,38.61
0.9,38.62
0.9,38.63
0.9,38.64
0.9,38.65
0.9,38.66
0.9,38.67
0.9,38.68
0.9,38.69
0.9,38.7
0.9,38.71
0.9,38.72
0.9,38.73
0.9,38.74
0.9,38.75
0.9,38.76
0.9,38.77
0.9,38.78
0.9,38.79
0.9,38.8
0.9,38.81
0.9,38.82
0.9,38.83
0.9,38.84
0.9,38.85
0.9,38.86
0.9,38.87
0.9,38.88
0.9,38.89
0.9,38.9
0.9,38.91
0.9,38.92
0.9,38.93
0.9,38.94
0.9,38.95
0.9,38.96
0.9,38.97
0.9,38.98
0.9,38.99
0.9,39
0.9,39.01
0.9,39.02
0.9,39.03
0.9,39.04
0.9,39.05
0.9,39.06
0.9,39.07
0.9,39.08
0.9,39.09
0.9,39.1
0.9,39.11
0.9,39.12
0.9,39.13
0.9,39.14
0.9,39.15
0.9,39.16
0.9,39.17
0.9,39.18
0.9,39.19
0.9,39.2
0.9,39.21
0.9,39.22
0.9,39.23
0.9,39.24
0.9,39.25
0.9,39.26
0.9,39.27
0.9,39.28
0.9,39.29
0.9,39.3
0.9,39.31
0.9,39.32
0.9,39.33
0.9,39.34
0.9,39.35
0.9,39.36
0.9,39.37
0.9,39.38
0.9,39.39
0.9,39.4
0.9,39.41
0.9,39.42
0.9,39.43
0.9,39.44
0.9,39.45
0.9,39.46
0.9,39.47
0.9,39.48
0.9,39.49
0.9,39.5
0.9,39.51
0.9,39.52
0.9,39.53
0.9,39.54
0.9,39.55
0.9,39.56
0.9,39.57
0.9,39.58
0.9,39.59
0.9,39.6
0.9,39.61
0.9,39.62
0.9,39.63
0.9,39.64
0.9,39.65
0.9,39.66
0.9,39.67
0.9,39.68
0.9,39.69
0.9,39.7
0.9,39.71
0.9,39.72
0.9,39.73
0.9,39.74
0.9,39.75
0.9,39.76
0.9,39.77
0.9,39.78
0.9,39.79
0.9,39.8
0.9,39.81
0.9,39.82
0.9,39.83
0.9,39.84
0.9,39.85
0.9,39.86
0.9,39.87
0.9,39.88
0.9,39.89
0.9,39.9
0.9,39.91
0.9,39.92
0.9,39.93
0.9,39.94
0.9,39.95
0.9,39.96
0.9,39.97
0.9,39.98
0.9,39.99
0.9,40
0.9,40.01
0.9,40.02
0.9,40.03
0.9,40.04
0.9,40.05
0.9,40.06
0.9,40.07
0.9,40.08
0.9,40.09
0.9,40.1
0.9,40.11
0.9,40.12
0.9,40.13
0.9,40.14
0.9,40.15
0.9,40.16
0.9,40.17
0.9,40.18
0.9,40.19
0.9,40.2
0.9,40.21
0.9,40.22
0.9,40.23
0.9,40.24
0.9,40.25
0.9,40.26
0.9,40.27
0.9,40.28
0.9,40.29
0.9,40.3
0.9,40.31
0.9,40.32
0.9,40.33
0.9,40.34
0.9,40.35
0.9,40.36
0.9,40.37
0.9,40.38
0.9,40.39
0.9,40.4
0.9,40.41
0.9,40.42
0.9,40.43
0.9,40.44
0.9,40.45
0.9,40.46
0.9,40.47
0.9,40.48
0.9,40.49
0.9,40.5
0.9,40.51
0.9,40.52
0.9,40.53
0.9,40.54
0.9,40.55
0.9,40.56
0.9,40.57
0.9,40.58
0.9,40.59
0.9,40.6
0.9,40.61
0.9,40.62
0.9,40.63
0.9,40.64
0.9,40.65
0.9,40.66
0.9,40.67
0.9,40.68
0.9,40.69
0.9,40.7
0.9,40.71
0.9,40.72
0.9,40.73
0.9,40.74
0.9,40.75
0.9,40.76
0.9,40.77
0.9,40.78
0.9,40.79
0.9,40.8
0.9,40.81
0.9,40.82
0.9,40.83
0.9,40.84
0.9,40.85
0.9,40.86
0.9,40.87
0.9,40.88
0.9,40.89
0.9,40.9
0.9,40.91
0.9,40.92
0.9,40.93
0.9,40.94
0.9,40.95
0.9,40.96
0.9,40.97
0.9,40.98
0.9,40.99
0.9,41
0.95,37
0.95,37.01
0.95,37.02
0.95,37.03
0.95,37.04
0.95,37.05
0.95,37.06
0.95,37.07
0.95,37.08
0.95,37.09
0.95,37.1
0.95,37.11
0.95,37.12
0.95,37.13
0.95,37.14
0.95,37.15
0.95,37.16
0.95,37.17
0.95,37.18
0.95,37.19
0.95,37.2
0.95,37.21
0.95,37.22
0.95,37.23
0.95,37.24
0.95,37.25
0.95,37.26
0.95,37.27
0.95,37.28
0.95,37.29
0.95,37.3
0.95,37.31
0.95,37.32
0.95,37.33
0.95,37.34
0.95,37.35
0.95,37.36
0.95,37.37
0.95,37.38
0.95,37.39
0.95,37.4
0.95,37.41
0.95,37.42
0.95,37.43
0.95,37.44
0.95,37.45
0.95,37.46
0.95,37.47
0.95,37.48
0.95,37.49
0.95,37.5
0.95,37.51
0.95,37.52
0.95,37.53
0.95,37.54
0.95,37.55
0.95,37.56
0.95,37.57
0.95,37.58
0.95,37.59
0.95,37.6
0.95,37.61
0.95,37.62
0.95,37.63
0.95,37.64
0.95,37.65
0.95,37.66
0.95,37.67
0.95,37.68
0.95,37.69
0.95,37.7
0.95,37.71
0.95,37.72
0.95,37.73
0.95,37.74
0.95,37.75
0.95,37.76
0.95,37.77
0.95,37.78
0.95,37.79
0.95,37.8
0.95,37.81
0.95,37.82
0.95,37.83
0.95,37.84
0.95,37.85
0.95,37.86
0.95,37.87
0.95,37.88
0.95,37.89
0.95,37.9
0.95,37.91
0.95,37.92
0.95,37.93
0.95,37.94
0.95,37.95
0.95,37.96
0.95,37.97
0.95,37.98
0.95,37.99
0.95,38
0.95,38.01
0.95,38.02
0.95,38.03
0.95,38.04
0.95,38.05
0.95,38.06
0.95,38.07
0.95,38.08
0.95,38.09
0.95,38.1
0.95,38.11
0.95,38.12
0.95,38.13
0.95,38.14
0.95,38.15
0.95,38.16
0.95,38.17
0.95,38.18
0.95,38.19
0.95,38.2
0.95,38.21
0.95,38.22
0.95,38.23
0.95,38.24
0.95,38.25
0.95,38.26
0.95,38.27
0.95,38.28
0.95,38.29
0.95,38.3
0.95,38.31
0.95,38.32
0.95,38.33
0.95,38.34
0.95,38.35
0.95,38.36
0.95,38.37
0.95,38.38
0.95,38.39
0.95,38.4
0.95,38.41
0.95,38.42
0.95,38.43
0.95,38.44
0.95,38.45
0.95,38.46
0.95,38.47
0.95,38.48
0.95,38.49
0.95,38.5
0.95,38.51
0.95,38.52
0.95,38.53
0.95,38.54
0.95,38.55
0.95,38.56
0.95,38.57
0.95,38.58
0.95,38.59
0.95,38.6
0.95,38.61
0.95,38.62
0.95,38.63
0.95,38.64
0.95,38.65
0.95,38.66
0.95,38.67
0.95,38.68
0.95,38.69
0.95,38.7
0.95,38.71
0.95,38.72
0.95,38.73
0.95,38.74
0.95,38.75
0.95,38.76
0.95,38.77
0.95,38.78
0.95,38.79
0.95,38.8
0.95,38.81
0.95,38.82
0.95,38.83
0.95,38.84
0.95,38.85
0.95,38.86
0.95,38.87
0.95,38.88
0.95,38.89
0.95,38.9
0.95,38.91
0.95,38.92
0.95,38.93
0.95,38.94
0.95,38.95
0.95,38.96
0.95,38.97
0.95,38.98
0.95,38.99
0.95,39
0.95,39.01
0.95,39.02
0.95,39.03
0.95,39.04
0.95,39.05
0.95,39.06
0.95,39.07
0.95,39.08
0.95,39.09
0.95,39.1
0.95,39.11
0.95,39.12
0.95,39.13
0.95,39.14
0.95,39.15
0.95,39.16
0.95,39.17
0.95,39.18
0.95,39.19
0.95,39.2
0.95,39.21
0.95,39.22
0.95,39.23
0.95,39.24
0.95,39.25
0.95,39.26
0.95,39.27
0.95,39.28
0.95,39.29
0.95,39.3
0.95,39.31
0.95,39.32
0.95,39.33
0.95,39.34
0.95,39.35
0.95,39.36
0.95,39.37
0.95,39.38
0.95,39.39
0.95,39.4
0.95,39.41
0.95,39.42
0.95,39.43
0.95,39.44
0.95,39.45
0.95,39.46
0.95,39.47
0.95,39.48
0.95,39.49
0.95,39.5
0.95,39.51
0.95,39.52
0.95,39.53
0.95,39.54
0.95,39.55
0.95,39.56
0.95,39.57
0.95,39.58
0.95,39.59
0.95,39.6
0.95,39.61
0.95,39.62
0.95,39.63
0.95,39.64
0.95,39.65
0.95,39.66
0.95,39.67
0.95,39.68
0.95,39.69
0.95,39.7
0.95,39.71
0.95,39.72
0.95,39.73
0.95,39.74
0.95,39.75
0.95,39.76
0.95,39.77
0.95,39.78
0.95,39.79
0.95,39.8
0.95,39.81
0.95,39.82
0.95,39.83
0.95,39.84
0.95,39.85
0.95,39.86
0.95,39.87
0.95,39.88
0.95,39.89
0.95,39.9
0.95,39.91
0.95,39.92
0.95,39.93
0.95,39.94
0.95,39.95
0.95,39.96
0.95,39.97
0.95,39.98
0.95,39.99
0.95,40
0.95,40.01
0.95,40.02
0.95,40.03
0.95,40.04
0.95,40.05
0.95,40.06
0.95,40.07
0.95,40.08
0.95,40.09
0.95,40.1
0.95,40.11
0.95,40.12
0.95,40.13
0.95,40.14
0.95,40.15
0.95,40.16
0.95,40.17
0.95,40.18
0.95,40.19
0.95,40.2
0.95,40.21
0.95,40.22
0.95,40.23
0.95,40.24
0.95,40.25
0.95,40.26
0.95,40.27
0.95,40.28
0.95,40.29
0.95,40.3
0.95,40.31
0.95,40.32
0.95,40.33
0.95,40.34
0.95,40.35
0.95,40.36
0.95,40.37
0.95,40.38
0.95,40.39
0.95,40.4
0.95,40.41
0.95,40.42
0.95,40.43
0.95,40.44
0.95,40.45
0.95,40.46
0.95,40.47
0.95,40.48
0.95,40.49
0.95,40.5
0.95,40.51
0.95,40.52
0.95,40.53
0.95,40.54
0.95,40.55
0.95,40.56
0.95,40.57
0.95,40.58
0.95,40.59
0.95,40.6
0.95,40.61
0.95,40.62
0.95,40.63
0.95,40.64
0.95,40.65
0.95,40.66
0.95,40.67
0.95,40.68
0.95,40.69
0.95,40.7
0.95,40.71
0.95,40.72
0.95,40.73
0.95,40.74
0.95,40.75
0.95,40.76
0.95,40.77
0.95,40.78
0.95,40.79
0.95,40.8
0.95,40.81
0.95,40.82
0.95,40.83
0.95,40.84
0.95,40.85
0.95,40.86
0.95,40.87
0.95,40.88
0.95,40.89
0.95,40.9
0.95,40.91
0.95,40.92
0.95,40.93
0.95,40.94
0.95,40.95
0.95,40.96
0.95,40.97
0.95,40.98
0.95,40.99
0.95,41
1,37
1,37.01
1,37.02
1,37.03
1,37.04
1,37.05
1,37.06
1,37.07
1,37.08
1,37.09
1,37.1
1,37.11
1,37.12
1,37.13
1,37.14
1,37.15
1,37.16
1,37.17
1,37.18
1,37.19
1,37.2
1,37.21
1,37.22
1,37.23
1,37.24
1,37.25
1,37.26
1,37.27
1,37.28
1,37.29
1,37.3
1,37.31
1,37.32
1,37.33
1,37.34
1,37.35
1,37.36
1,37.37
1,37.38
1,37.39
1,37.4
1,37.41
1,37.42
1,37.43
1,37.44
1,37.45
1,37.46
1,37.47
1,37.48
1,37.49
1,37.5
1,37.51
1,37.52
1,37.53
1,37.54
1,37.55
1,37.56
1,37.57
1,37.58
1,37.59
1,37.6
1,37.61
1,37.62
1,37.63
1,37.64
1,37.65
1,37.66
1,37.67
1,37.68
1,37.69
1,37.7
1,37.71
1,37.72
1,37.73
1,37.74
1,37.75
1,37.76
1,37.77
1,37.78
1,37.79
1,37.8
1,37.81
1,37.82
1,37.83
1,37.84
1,37.85
1,37.86
1,37.87
1,37.88
1,37.89
1,37.9
1,37.91
1,37.92
1,37.93
1,37.94
1,37.95
1,37.96
1,37.97
1,37.98
1,37.99
1,38
1,38.01
1,38.02
1,38.03
1,38.04
1,38.05
1,38.06
1,38.07
1,38.08
1,38.09
1,38.1
1,38.11
1,38.12
1,38.13
1,38.14
1,38.15
1,38.16
1,38.17
1,38.18
1,38.19
1,38.2
1,38.21
1,38.22
1,38.23
1,38.24
1,38.25
1,38.26
1,38.27
1,38.28
1,38.29
1,38.3
1,38.31
1,38.32
1,38.33
1,38.34
1,38.35
1,38.36
1,38.37
1,38.38
1,38.39
1,38.4
1,38.41
1,38.42
1,38.43
1,38.44
1,38.45
1,38.46
1,38.47
1,38.48
1,38.49
1,38.5
1,38.51
1,38.52
1,38.53
1,38.54
1,38.55
1,38.56
1,38.57
1,38.58
1,38.59
1,38.6
1,38.61
1,38.62
1,38.63
1,38.64
1,38.65
1,38.66
1,38.67
1,38.68
1,38.69
1,38.7
1,38.71
1,38.72
1,38.73
1,38.74
1,38.75
1,38.76
1,38.77
1,38.78
1,38.79
1,38.8
1,38.81
1,38.82
1,38.83
1,38.84
1,38.85
1,38.86
1,38.87
1,38.88
1,38.89
1,38.9
1,38.91
1,38.92
1,38.93
1,38.94
1,38.95
1,38.96
1,38.97
1,38.98
1,38.99
1,39
1,39.01
1,39.02
1,39.03
1,39.04
1,39.05
1,39.06
1,39.07
1,39.08
1,39.09
1,39.1
1,39.11
1,39.12
1,39.13
1,39.14
1,39.15
1,39.16
1,39.17
1,39.18
1,39.19
1,39.2
1,39.21
1,39.22
1,39.23
1,39.24
1,39.25
1,39.26
1,39.27
1,39.28
1,39.29
1,39.3
1,39.31
1,39.32
1,39.33
1,39.34
1,39.35
1,39.36
1,39.37
1,39.38
1,39.39
1,39.4
1,39.41
1,39.42
1,39.43
1,39.44
1,39.45
1,39.46
1,39.47
1,39.48
1,39.49
1,39.5
1,39.51
1,39.52
1,39.53
1,39.54
1,39.55
1,39.56
1,39.57
1,39.58
1,39.59
1,39.6
1,39.61
1,39.62
1,39.63
1,39.64
1,39.65
1,39.66
1,39.67
1,39.68
1,39.69
1,39.7
1,39.71
1,39.72
1,39.73
1,39.74
1,39.75
1,39.76
1,39.77
1,39.78
1,39.79
1,39.8
1,39.81
1,39.82
1,39.83
1,39.84
1,39.85
1,39.86
1,39.87
1,39.88
1,39.89
1,39.9
1,39.91
1,39.92
1,39.93
1,39.94
1,39.95
1,39.96
1,39.97
1,39.98
1,39.99
1,40
1,40.01
1,40.02
1,40.03
1,40.04
1,40.05
1,40.06
1,40.07
1,40.08
1,40.09
1,40.1
1,40.11
1,40.12
1,40.13
1,40.14
1,40.15
1,40.16
1,40.17
1,40.18
1,40.19
1,40.2
1,40.21
1,40.22
1,40.23
1,40.24
1,40.25
1,40.26
1,40.27
1,40.28
1,40.29
1,40.3
1,40.31
1,40.32
1,40.33
1,40.34
1,40.35
1,40.36
1,40.37
1,40.38
1,40.39
1,40.4
1,40.41
1,40.42
1,40.43
1,40.44
1,40.45
1,40.46
1,40.47
1,40.48
1,40.49
1,40.5
1,40.51
1,40.52
1,40.53
1,40.54
1,40.55
1,40.56
1,40.57
1,40.58
1,40.59
1,40.6
1,40.61
1,40.62
1,40.63
1,40.64
1,40.65
1,40.66
1,40.67
1,40.68
1,40.69
1,40.7
1,40.71
1,40.72
1,40.73
1,40.74
1,40.75
1,40.76
1,40.77
1,40.78
1,40.79
1,40.8
1,40.81
1,40.82
1,40.83
1,40.84
1,40.85
1,40.86
1,40.87
1,40.88
1,40.89
1,40.9
1,40.91
1,40.92
1,40.93
1,40.94
1,40.95
1,40.96
1,40.97
1,40.98
1,40.99
1,41
1.05,37
1.05,37.01
1.05,37.02
1.05,37.03
1.05,37.04
1.05,37.05
1.05,37.06
1.05,37.07
1.05,37.08
1.05,37.09
1.05,37.1
1.05,37.11
1.05,37.12
1.05,37.13
1.05,37.14
1.05,37.15
1.05,37.16
1.05,37.17
1.05,37.18
1.05,37.19
1.05,37.2
1.05,37.21
1.05,37.22
1.05,37.23
1.05,37.24
1.05,37.25
1.05,37.26
1.05,37.27
1.05,37.28
1.05,37.29
1.05,37.3
1.05,37.31
1.05,37.32
1.05,37.33
1.05,37.34
1.05,37.35
1.05,37.36
1.05,37.37
1.05,37.38
1.05,37.39
1.05,37.4
1.05,37.41
1.05,37.42
1.05,37.43
1.05,37.44
1.05,37.45
1.05,37.46
1.05,37.47
1.05,37.48
1.05,37.49
1.05,37.5
1.05,37.51
1.05,37.52
1.05,37.53
1.05,37.54
1.05,37.55
1.05,37.56
1.05,37.57
1.05,37.58
1.05,37.59
1.05,37.6
1.05,37.61
1.05,37.62
1.05,37.63
1.05,37.64
1.05,37.65
1.05,37.66
1.05,37.67
1.05,37.68
1.05,37.69
1.05,37.7
1.05,37.71
1.05,37.72
1.05,37.73
1.05,37.74
1.05,37.75
1.05,37.76
1.05,37.77
1.05,37.78
1.05,37.79
1.05,37.8
1.05,37.81
1.05,37.82
1.05,37.83
1.05,37.84
1.05,37.85
1.05,37.86
1.05,37.87
1.05,37.88
1.05,37.89
1.05,37.9
1.05,37.91
1.05,37.92
1.05,37.93
1.05,37.94
1.05,37.95
1.05,37.96
1.05,37.97
1.05,37.98
1.05,37.99
1.05,38
1.05,38.01
1.05,38.02
1.05,38.03
1.05,38.04
1.05,38.05
1.05,38.06
1.05,38.07
1.05,38.08
1.05,38.09
1.05,38.1
1.05,38.11
1.05,38.12
1.05,38.13
1.05,38.14
1.05,38.15
1.05,38.16
1.05,38.17
1.05,38.18
1.05,38.19
1.05,38.2
1.05,38.21
1.05,38.22
1.05,38.23
1.05,38.24
1.05,38.25
1.05,38.26
1.05,38.27
1.05,38.28
1.05,38.29
1.05,38.3
1.05,38.31
1.05,38.32
1.05,38.33
1.05,38.34
1.05,38.35
1.05,38.36
1.05,38.37
1.05,38.38
1.05,38.39
1.05,38.4
1.05,38.41
1.05,38.42
1.05,38.43
1.05,38.44
1.05,38.45
1.05,38.46
1.05,38.47
1.05,38.48
1.05,38.49
1.05,38.5
1.05,38.51
1.05,38.52
1.05,38.53
1.05,38.54
1.05,38.55
1.05,38.56
1.05,38.57
1.05,38.58
1.05,38.59
1.05,38.6
1.05,38.61
1.05,38.62
1.05,38.63
1.05,38.64
1.05,38.65
1.05,38.66
1.05,38.67
1.05,38.68
1.05,38.69
1.05,38.7
1.05,38.71
1.05,38.72
1.05,38.73
1.05,38.74
1.05,38.75
1.05,38.76
1.05,38.77
1.05,38.78
1.05,38.79
1.05,38.8
1.05,38.81
1.05,38.82
1.05,38.83
1.05,38.84
1.05,38.85
1.05,38.86
1.05,38.87
1.05,38.88
1.05,38.89
1.05,38.9
1.05,38.91
1.05,38.92
1.05,38.93
1.05,38.94
1.05,38.95
1.05,38.96
1.05,38.97
1.05,38.98
1.05,38.99
1.05,39
1.05,39.01
1.05,39.02
1.05,39.03
1.05,39.04
1.05,39.05
1.05,39.06
1.05,39.07
1.05,39.08
1.05,39.09
1.05,39.1
1.05,39.11
1.05,39.12
1.05,39.13
1.05,39.14
1.05,39.15
1.05,39.16
1.05,39.17
1.05,39.18
1.05,39.19
1.05,39.2
1.05,39.21
1.05,39.22
1.05,39.23
1.05,39.24
1.05,39.25
1.05,39.26
1.05,39.27
1.05,39.28
1.05,39.29
1.05,39.3
1.05,39.31
1.05,39.32
1.05,39.33
1.05,39.34
1.05,39.35
1.05,39.36
1.05,39.37
1.05,39.38
1.05,39.39
1.05,39.4
1.05,39.41
1.05,39.42
1.05,39.43
1.05,39.44
1.05,39.45
1.05,39.46
1.05,39.47
1.05,39.48
1.05,39.49
1.05,39.5
1.05,39.51
1.05,39.52
1.05,39.53
1.05,39.54
1.05,39.55
1.05,39.56
1.05,39.57
1.05,39.58
1.05,39.59
1.05,39.6
1.05,39.61
1.05,39.62
1.05,39.63
1.05,39.64
1.05,39.65
1.05,39.66
1.05,39.67
1.05,39.68
1.05,39.69
1.05,39.7
1.05,39.71
1.05,39.72
1.05,39.73
1.05,39.74
1.05,39.75
1.05,39.76
1.05,39.77
1.05,39.78
1.05,39.79
1.05,39.8
1.05,39.81
1.05,39.82
1.05,39.83
1.05,39.84
1.05,39.85
1.05,39.86
1.05,39.87
1.05,39.88
1.05,39.89
1.05,39.9
1.05,39.91
1.05,39.92
1.05,39.93
1.05,39.94
1.05,39.95
1.05,39.96
1.05,39.97
1.05,39.98
1.05,39.99
1.05,40
1.05,40.01
1.05,40.02
1.05,40.03
1.05,40.04
1.05,40.05
1.05,40.06
1.05,40.07
1.05,40.08
1.05,40.09
1.05,40.1
1.05,40.11
1.05,40.12
1.05,40.13
1.05,40.14
1.05,40.15
1.05,40.16
1.05,40.17
1.05,40.18
1.05,40.19
1.05,40.2
1.05,40.21
1.05,40.22
1.05,40.23
1.05,40.24
1.05,40.25
1.05,40.26
1.05,40.27
1.05,40.28
1.05,40.29
1.05,40.3
1.05,40.31
1.05,40.32
1.05,40.33
1.05,40.34
1.05,40.35
1.05,40.36
1.05,40.37
1.05,40.38
1.05,40.39
1.05,40.4
1.05,40.41
1.05,40.42
1.05,40.43
1.05,40.44
1.05,40.45
1.05,40.46
1.05,40.47
1.05,40.48
1.05,40.49
1.05,40.5
1.05,40.51
1.05,40.52
1.05,40.53
1.05,40.54
1.05,40.55
1.05,40.56
1.05,40.57
1.05,40.58
1.05,40.59
1.05,40.6
1.05,40.61
1.05,40.62
1.05,40.63
1.05,40.64
1.05,40.65
1.05,40.66
1.05,40.67
1.05,40.68
1.05,40.69
1.05,40.7
1.05,40.71
1.05,40.72
1.05,40.73
1.05,40.74
1.05,40.75
1.05,40.76
1.05,40.77
1.05,40.78
1.05,40.79
1.05,40.8
1.05,40.81
1.05,40.82
1.05,40.83
1.05,40.84
1.05,40.85
1.05,40.86
1.05,40.87
1.05,40.88
1.05,40.89
1.05,40.9
1.05,40.91
1.05,40.92
1.05,40.93
1.05,40.94
1.05,40.95
1.05,40.96
1.05,40.97
1.05,40.98
1.05,40.99
1.05,41
1.1,37
1.1,37.01
1.1,37.02
1.1,37.03
1.1,37.04
1.1,37.05
1.1,37.06
1.1,37.07
1.1,37.08
1.1,37.09
1.1,37.1
1.1,37.11
1.1,37.12
1.1,37.13
1.1,37.14
1.1,37.15
1.1,37.16
1.1,37.17
1.1,37.18
1.1,37.19
1.1,37.2
1.1,37.21
1.1,37.22
1.1,37.23
1.1,37.24
1.1,37.25
1.1,37.26
1.1,37.27
1.1,37.28
1.1,37.29
1.1,37.3
1.1,37.31
1.1,37.32
1.1,37.33
1.1,37.34
1.1,37.35
1.1,37.36
1.1,37.37
1.1,37.38
1.1,37.39
1.1,37.4
1.1,37.41
1.1,37.42
1.1,37.43
1.1,37.44
1.1,37.45
1.1,37.46
1.1,37.47
1.1,37.48
1.1,37.49
1.1,37.5
1.1,37.51
1.1,37.52
1.1,37.53
1.1,37.54
1.1,37.55
1.1,37.56
1.1,37.57
1.1,37.58
1.1,37.59
1.1,37.6
1.1,37.61
1.1,37.62
1.1,37.63
1.1,37.64
1.1,37.65
1.1,37.66
1.1,37.67
1.1,37.68
1.1,37.69
1.1,37.7
1.1,37.71
1.1,37.72
1.1,37.73
1.1,37.74
1.1,37.75
1.1,37.76
1.1,37.77
1.1,37.78
1.1,37.79
1.1,37.8
1.1,37.81
1.1,37.82
1.1,37.83
1.1,37.84
1.1,37.85
1.1,37.86
1.1,37.87
1.1,37.88
1.1,37.89
1.1,37.9
1.1,37.91
1.1,37.92
1.1,37.93
1.1,37.94
1.1,37.95
1.1,37.96
1.1,37.97
1.1,37.98
1.1,37.99
1.1,38
1.1,38.01
1.1,38.02
1.1,38.03
1.1,38.04
1.1,38.05
1.1,38.06
1.1,38.07
1.1,38.08
1.1,38.09
1.1,38.1
1.1,38.11
1.1,38.12
1.1,38.13
1.1,38.14
1.1,38.15
1.1,38.16
1.1,38.17
1.1,38.18
1.1,38.19
1.1,38.2
1.1,38.21
1.1,38.22
1.1,38.23
1.1,38.24
1.1,38.25
1.1,38.26
1.1,38.27
1.1,38.28
1.1,38.29
1.1,38.3
1.1,38.31
1.1,38.32
1.1,38.33
1.1,38.34
1.1,38.35
1.1,38.36
1.1,38.37
1.1,38.38
1.1,38.39
1.1,38.4
1.1,38.41
1.1,38.42
1.1,38.43
1.1,38.44
1.1,38.45
1.1,38.46
1.1,38.47
1.1,38.48
1.1,38.49
1.1,38.5
1.1,38.51
1.1,38.52
1.1,38.53
1.1,38.54
1.1,38.55
1.1,38.56
1.1,38.57
1.1,38.58
1.1,38.59
1.1,38.6
1.1,38.61
1.1,38.62
1.1,38.63
1.1,38.64
1.1,38.65
1.1,38.66
1.1,38.67
1.1,38.68
1.1,38.69
1.1,38.7
1.1,38.71
1.1,38.72
1.1,38.73
1.1,38.74
1.1,38.75
1.1,38.76
1.1,38.77
1.1,38.78
1.1,38.79
1.1,38.8
1.1,38.81
1.1,38.82
1.1,38.83
1.1,38.84
1.1,38.85
1.1,38.86
1.1,38.87
1.1,38.88
1.1,38.89
1.1,38.9
1.1,38.91
1.1,38.92
1.1,38.93
1.1,38.94
1.1,38.95
1.1,38.96
1.1,38.97
1.1,38.98
1.1,38.99
1.1,39
1.1,39.01
1.1,39.02
1.1,39.03
1.1,39.04
1.1,39.05
1.1,39.06
1.1,39.07
1.1,39.08
1.1,39.09
1.1,39.1
1.1,39.11
1.1,39.12
1.1,39.13
1.1,39.14
1.1,39.15
1.1,39.16
1.1,39.17
1.1,39.18
1.1,39.19
1.1,39.2
1.1,39.21
1.1,39.22
1.1,39.23
1.1,39.24
1.1,39.25
1.1,39.26
1.1,39.27
1.1,39.28
1.1,39.29
1.1,39.3
1.1,39.31
1.1,39.32
1.1,39.33
1.1,39.34
1.1,39.35
1.1,39.36
1.1,39.37
1.1,39.38
1.1,39.39
1.1,39.4
1.1,39.41
1.1,39.42
1.1,39.43
1.1,39.44
1.1,39.45
1.1,39.46
1.1,39.47
1.1,39.48
1.1,39.49
1.1,39.5
1.1,39.51
1.1,39.52
1.1,39.53
1.1,39.54
1.1,39.55
1.1,39.56
1.1,39.57
1.1,39.58
1.1,39.59
1.1,39.6
1.1,39.61
1.1,39.62
1.1,39.63
1.1,39.64
1.1,39.65
1.1,39.66
1.1,39.67
1.1,39.68
1.1,39.69
1.1,39.7
1.1,39.71
1.1,39.72
1.1,39.73
1.1,39.74
1.1,39.75
1.1,39.76
1.1,39.77
1.1,39.78
1.1,39.79
1.1,39.8
1.1,39.81
1.1,39.82
1.1,39.83
1.1,39.84
1.1,39.85
1.1,39.86
1.1,39.87
1.1,39.88
1.1,39.89
1.1,39.9
1.1,39.91
1.1,39.92
1.1,39.93
1.1,39.94
1.1,39.95
1.1,39.96
1.1,39.97
1.1,39.98
1.1,39.99
1.1,40
1.1,40.01
1.1,40.02
1.1,40.03
1.1,40.04
1.1,40.05
1.1,40.06
1.1,40.07
1.1,40.08
1.1,40.09
1.1,40.1
1.1,40.11
1.1,40.12
1.1,40.13
1.1,40.14
1.1,40.15
1.1,40.16
1.1,40.17
1.1,40.18
1.1,40.19
1.1,40.2
1.1,40.21
1.1,40.22
1.1,40.23
1.1,40.24
1.1,40.25
1.1,40.26
1.1,40.27
1.1,40.28
1.1,40.29
1.1,40.3
1.1,40.31
1.1,40.32
1.1,40.33
1.1,40.34
1.1,40.35
1.1,40.36
1.1,40.37
1.1,40.38
1.1,40.39
1.1,40.4
1.1,40.41
1.1,40.42
1.1,40.43
1.1,40.44
1.1,40.45
1.1,40.46
1.1,40.47
1.1,40.48
1.1,40.49
1.1,40.5
1.1,40.51
1.1,40.52
1.1,40.53
1.1,40.54
1.1,40.55
1.1,40.56
1.1,40.57
1.1,40.58
1.1,40.59
1.1,40.6
1.1,40.61
1.1,40.62
1.1,40.63
1.1,40.64
1.1,40.65
1.1,40.66
1.1,40.67
1.1,40.68
1.1,40.69
1.1,40.7
1.1,40.71
1.1,40.72
1.1,40.73
1.1,40.74
1.1,40.75
1.1,40.76
1.1,40.77
1.1,40.78
1.1,40.79
1.1,40.8
1.1,40.81
1.1,40.82
1.1,40.83
1.1,40.84
1.1,40.85
1.1,40.86
1.1,40.87
1.1,40.88
1.1,40.89
1.1,40.9
1.1,40.91
1.1,40.92
1.1,40.93
1.1,40.94
1.1,40.95
1.1,40.96
1.1,40.97
1.1,40.98
1.1,40.99
1.1,41
1.15,37
1.15,37.01
1.15,37.02
1.15,37.03
1.15,37.04
1.15,37.05
1.15,37.06
1.15,37.07
1.15,37.08
1.15,37.09
1.15,37.1
1.15,37.11
1.15,37.12
1.15,37.13
1.15,37.14
1.15,37.15
1.15,37.16
1.15,37.17
1.15,37.18
1.15,37.19
1.15,37.2
1.15,37.21
1.15,37.22
1.15,37.23
1.15,37.24
1.15,37.25
1.15,37.26
1.15,37.27
1.15,37.28
1.15,37.29
1.15,37.3
1.15,37.31
1.15,37.32
1.15,37.33
1.15,37.34
1.15,37.35
1.15,37.36
1.15,37.37
1.15,37.38
1.15,37.39
1.15,37.4
1.15,37.41
1.15,37.42
1.15,37.43
1.15,37.44
1.15,37.45
1.15,37.46
1.15,37.47
1.15,37.48
1.15,37.49
1.15,37.5
1.15,37.51
1.15,37.52
1.15,37.53
1.15,37.54
1.15,37.55
1.15,37.56
1.15,37.57
1.15,37.58
1.15,37.59
1.15,37.6
1.15,37.61
1.15,37.62
1.15,37.63
1.15,37.64
1.15,37.65
1.15,37.66
1.15,37.67
1.15,37.68
1.15,37.69
1.15,37.7
1.15,37.71
1.15,37.72
1.15,37.73
1.15,37.74
1.15,37.75
1.15,37.76
1.15,37.77
1.15,37.78
1.15,37.79
1.15,37.8
1.15,37.81
1.15,37.82
1.15,37.83
1.15,37.84
1.15,37.85
1.15,37.86
1.15,37.87
1.15,37.88
1.15,37.89
1.15,37.9
1.15,37.91
1.15,37.92
1.15,37.93
1.15,37.94
1.15,37.95
1.15,37.96
1.15,37.97
1.15,37.98
1.15,37.99
1.15,38
1.15,38.01
1.15,38.02
1.15,38.03
1.15,38.04
1.15,38.05
1.15,38.06
1.15,38.07
1.15,38.08
1.15,38.09
1.15,38.1
1.15,38.11
1.15,38.12
1.15,38.13
1.15,38.14
1.15,38.15
1.15,38.16
1.15,38.17
1.15,38.18
1.15,38.19
1.15,38.2
1.15,38.21
1.15,38.22
1.15,38.23
1.15,38.24
1.15,38.25
1.15,38.26
1.15,38.27
1.15,38.28
1.15,38.29
1.15,38.3
1.15,38.31
1.15,38.32
1.15,38.33
1.15,38.34
1.15,38.35
1.15,38.36
1.15,38.37
1.15,38.38
1.15,38.39
1.15,38.4
1.15,38.41
1.15,38.42
1.15,38.43
1.15,38.44
1.15,38.45
1.15,38.46
1.15,38.47
1.15,38.48
1.15,38.49
1.15,38.5
1.15,38.51
1.15,38.52
1.15,38.53
1.15,38.54
1.15,38.55
1.15,38.56
1.15,38.57
1.15,38.58
1.15,38.59
1.15,38.6
1.15,38.61
1.15,38.62
1.15,38.63
1.15,38.64
1.15,38.65
1.15,38.66
1.15,38.67
1.15,38.68
1.15,38.69
1.15,38.7
1.15,38.71
1.15,38.72
1.15,38.73
1.15,38.74
1.15,38.75
1.15,38.76
1.15,38.77
1.15,38.78
1.15,38.79
1.15,38.8
1.15,38.81
1.15,38.82
1.15,38.83
1.15,38.84
1.15,38.85
1.15,38.86
1.15,38.87
1.15,38.88
1.15,38.89
1.15,38.9
1.15,38.91
1.15,38.92
1.15,38.93
1.15,38.94
1.15,38.95
1.15,38.96
1.15,38.97
1.15,38.98
1.15,38.99
1.15,39
1.15,39.01
1.15,39.02
1.15,39.03
1.15,39.04
1.15,39.05
1.15,39.06
1.15,39.07
1.15,39.08
1.15,39.09
1.15,39.1
1.15,39.11
1.15,39.12
1.15,39.13
1.15,39.14
1.15,39.15
1.15,39.16
1.15,39.17
1.15,39.18
1.15,39.19
1.15,39.2
1.15,39.21
1.15,39.22
1.15,39.23
1.15,39.24
1.15,39.25
1.15,39.26
1.15,39.27
1.15,39.28
1.15,39.29
1.15,39.3
1.15,39.31
1.15,39.32
1.15,39.33
1.15,39.34
1.15,39.35
1.15,39.36
1.15,39.37
1.15,39.38
1.15,39.39
1.15,39.4
1.15,39.41
1.15,39.42
1.15,39.43
1.15,39.44
1.15,39.45
1.15,39.46
1.15,39.47
1.15,39.48
1.15,39.49
1.15,39.5
1.15,39.51
1.15,39.52
1.15,39.53
1.15,39.54
1.15,39.55
1.15,39.56
1.15,39.57
1.15,39.58
1.15,39.59
1.15,39.6
1.15,39.61
1.15,39.62
1.15,39.63
1.15,39.64
1.15,39.65
1.15,39.66
1.15,39.67
1.15,39.68
1.15,39.69
1.15,39.7
1.15,39.71
1.15,39.72
1.15,39.73
1.15,39.74
1.15,39.75
1.15,39.76
1.15,39.77
1.15,39.78
1.15,39.79
1.15,39.8
1.15,39.81
1.15,39.82
1.15,39.83
1.15,39.84
1.15,39.85
1.15,39.86
1.15,39.87
1.15,39.88
1.15,39.89
1.15,39.9
1.15,39.91
1.15,39.92
1.15,39.93
1.15,39.94
1.15,39.95
1.15,39.96
1.15,39.97
1.15,39.98
1.15,39.99
1.15,40
1.15,40.01
1.15,40.02
1.15,40.03
1.15,40.04
1.15,40.05
1.15,40.06
1.15,40.07
1.15,40.08
1.15,40.09
1.15,40.1
1.15,40.11
1.15,40.12
1.15,40.13
1.15,40.14
1.15,40.15
1.15,40.16
1.15,40.17
1.15,40.18
1.15,40.19
1.15,40.2
1.15,40.21
1.15,40.22
1.15,40.23
1.15,40.24
1.15,40.25
1.15,40.26
1.15,40.27
1.15,40.28
1.15,40.29
1.15,40.3
1.15,40.31
1.15,40.32
1.15,40.33
1.15,40.34
1.15,40.35
1.15,40.36
1.15,40.37
1.15,40.38
1.15,40.39
1.15,40.4
1.15,40.41
1.15,40.42
1.15,40.43
1.15,40.44
1.15,40.45
1.15,40.46
1.15,40.47
1.15,40.48
1.15,40.49
1.15,40.5
1.15,40.51
1.15,40.52
1.15,40.53
1.15,40.54
1.15,40.55
1.15,40.56
1.15,40.57
1.15,40.58
1.15,40.59
1.15,40.6
1.15,40.61
1.15,40.62
1.15,40.63
1.15,40.64
1.15,40.65
1.15,40.66
1.15,40.67
1.15,40.68
1.15,40.69
1.15,40.7
1.15,40.71
1.15,40.72
1.15,40.73
1.15,40.74
1.15,40.75
1.15,40.76
1.15,40.77
1.15,40.78
1.15,40.79
1.15,40.8
1.15,40.81
1.15,40.82
1.15,40.83
1.15,40.84
1.15,40.85
1.15,40.86
1.15,40.87
1.15,40.88
1.15,40.89
1.15,40.9
1.15,40.91
1.15,40.92
1.15,40.93
1.15,40.94
1.15,40.95
1.15,40.96
1.15,40.97
1.15,40.98
1.15,40.99
1.15,41
1.2,37
1.2,37.01
1.2,37.02
1.2,37.03
1.2,37.04
1.2,37.05
1.2,37.06
1.2,37.07
1.2,37.08
1.2,37.09
1.2,37.1
1.2,37.11
1.2,37.12
1.2,37.13
1.2,37.14
1.2,37.15
1.2,37.16
1.2,37.17
1.2,37.18
1.2,37.19
1.2,37.2
1.2,37.21
1.2,37.22
1.2,37.23
1.2,37.24
1.2,37.25
1.2,37.26
1.2,37.27
1.2,37.28
1.2,37.29
1.2,37.3
1.2,37.31
1.2,37.32
1.2,37.33
1.2,37.34
1.2,37.35
1.2,37.36
1.2,37.37
1.2,37.38
1.2,37.39
1.2,37.4
1.2,37.41
1.2,37.42
1.2,37.43
1.2,37.44
1.2,37.45
1.2,37.46
1.2,37.47
1.2,37.48
1.2,37.49
1.2,37.5
1.2,37.51
1.2,37.52
1.2,37.53
1.2,37.54
1.2,37.55
1.2,37.56
1.2,37.57
1.2,37.58
1.2,37.59
1.2,37.6
1.2,37.61
1.2,37.62
1.2,37.63
1.2,37.64
1.2,37.65
1.2,37.66
1.2,37.67
1.2,37.68
1.2,37.69
1.2,37.7
1.2,37.71
1.2,37.72
1.2,37.73
1.2,37.74
1.2,37.75
1.2,37.76
1.2,37.77
1.2,37.78
1.2,37.79
1.2,37.8
1.2,37.81
1.2,37.82
1.2,37.83
1.2,37.84
1.2,37.85
1.2,37.86
1.2,37.87
1.2,37.88
1.2,37.89
1.2,37.9
1.2,37.91
1.2,37.92
1.2,37.93
1.2,37.94
1.2,37.95
1.2,37.96
1.2,37.97
1.2,37.98
1.2,37.99
1.2,38
1.2,38.01
1.2,38.02
1.2,38.03
1.2,38.04
1.2,38.05
1.2,38.06
1.2,38.07
1.2,38.08
1.2,38.09
1.2,38.1
1.2,38.11
1.2,38.12
1.2,38.13
1.2,38.14
1.2,38.15
1.2,38.16
1.2,38.17
1.2,38.18
1.2,38.19
1.2,38.2
1.2,38.21
1.2,38.22
1.2,38.23
1.2,38.24
1.2,38.25
1.2,38.26
1.2,38.27
1.2,38.28
1.2,38.29
1.2,38.3
1.2,38.31
1.2,38.32
1.2,38.33
1.2,38.34
1.2,38.35
1.2,38.36
1.2,38.37
1.2,38.38
1.2,38.39
1.2,38.4
1.2,38.41
1.2,38.42
1.2,38.43
1.2,38.44
1.2,38.45
1.2,38.46
1.2,38.47
1.2,38.48
1.2,38.49
1.2,38.5
1.2,38.51
1.2,38.52
1.2,38.53
1.2,38.54
1.2,38.55
1.2,38.56
1.2,38.57
1.2,38.58
1.2,38.59
1.2,38.6
1.2,38.61
1.2,38.62
1.2,38.63
1.2,38.64
1.2,38.65
1.2,38.66
1.2,38.67
1.2,38.68
1.2,38.69
1.2,38.7
1.2,38.71
1.2,38.72
1.2,38.73
1.2,38.74
1.2,38.75
1.2,38.76
1.2,38.77
1.2,38.78
1.2,38.79
1.2,38.8
1.2,38.81
1.2,38.82
1.2,38.83
1.2,38.84
1.2,38.85
1.2,38.86
1.2,38.87
1.2,38.88
1.2,38.89
1.2,38.9
1.2,38.91
1.2,38.92
1.2,38.93
1.2,38.94
1.2,38.95
1.2,38.96
1.2,38.97
1.2,38.98
1.2,38.99
1.2,39
1.2,39.01
1.2,39.02
1.2,39.03
1.2,39.04
1.2,39.05
1.2,39.06
1.2,39.07
1.2,39.08
1.2,39.09
1.2,39.1
1.2,39.11
1.2,39.12
1.2,39.13
1.2,39.14
1.2,39.15
1.2,39.16
1.2,39.17
1.2,39.18
1.2,39.19
1.2,39.2
1.2,39.21
1.2,39.22
1.2,39.23
1.2,39.24
1.2,39.25
1.2,39.26
1.2,39.27
1.2,39.28
1.2,39.29
1.2,39.3
1.2,39.31
1.2,39.32
1.2,39.33
1.2,39.34
1.2,39.35
1.2,39.36
1.2,39.37
1.2,39.38
1.2,39.39
1.2,39.4
1.2,39.41
1.2,39.42
1.2,39.43
1.2,39.44
1.2,39.45
1.2,39.46
1.2,39.47
1.2,39.48
1.2,39.49
1.2,39.5
1.2,39.51
1.2,39.52
1.2,39.53
1.2,39.54
1.2,39.55
1.2,39.56
1.2,39.57
1.2,39.58
1.2,39.59
1.2,39.6
1.2,39.61
1.2,39.62
1.2,39.63
1.2,39.64
1.2,39.65
1.2,39.66
1.2,39.67
1.2,39.68
1.2,39.69
1.2,39.7
1.2,39.71
1.2,39.72
1.2,39.73
1.2,39.74
1.2,39.75
1.2,39.76
1.2,39.77
1.2,39.78
1.2,39.79
1.2,39.8
1.2,39.81
1.2,39.82
1.2,39.83
1.2,39.84
1.2,39.85
1.2,39.86
1.2,39.87
1.2,39.88
1.2,39.89
1.2,39.9
1.2,39.91
1.2,39.92
1.2,39.93
1.2,39.94
1.2,39.95
1.2,39.96
1.2,39.97
1.2,39.98
1.2,39.99
1.2,40
1.2,40.01
1.2,40.02
1.2,40.03
1.2,40.04
1.2,40.05
1.2,40.06
1.2,40.07
1.2,40.08
1.2,40.09
1.2,40.1
1.2,40.11
1.2,40.12
1.2,40.13
1.2,40.14
1.2,40.15
1.2,40.16
1.2,40.17
1.2,40.18
1.2,40.19
1.2,40.2
1.2,40.21
1.2,40.22
1.2,40.23
1.2,40.24
1.2,40.25
1.2,40.26
1.2,40.27
1.2,40.28
1.2,40.29
1.2,40.3
1.2,40.31
1.2,40.32
1.2,40.33
1.2,40.34
1.2,40.35
1.2,40.36
1.2,40.37
1.2,40.38
1.2,40.39
1.2,40.4
1.2,40.41
1.2,40.42
1.2,40.43
1.2,40.44
1.2,40.45
1.2,40.46
1.2,40.47
1.2,40.48
1.2,40.49
1.2,40.5
1.2,40.51
1.2,40.52
1.2,40.53
1.2,40.54
1.2,40.55
1.2,40.56
1.2,40.57
1.2,40.58
1.2,40.59
1.2,40.6
1.2,40.61
1.2,40.62
1.2,40.63
1.2,40.64
1.2,40.65
1.2,40.66
1.2,40.67
1.2,40.68
1.2,40.69
1.2,40.7
1.2,40.71
1.2,40.72
1.2,40.73
1.2,40.74
1.2,40.75
1.2,40.76
1.2,40.77
1.2,40.78
1.2,40.79
1.2,40.8
1.2,40.81
1.2,40.82
1.2,40.83
1.2,40.84
1.2,40.85
1.2,40.86
1.2,40.87
1.2,40.88
1.2,40.89
1.2,40.9
1.2,40.91
1.2,40.92
1.2,40.93
1.2,40.94
1.2,40.95
1.2,40.96
1.2,40.97
1.2,40.98
1.2,40.99
1.2,41
1.25,37
1.25,37.01
1.25,37.02
1.25,37.03
1.25,37.04
1.25,37.05
1.25,37.06
1.25,37.07
1.25,37.08
1.25,37.09
1.25,37.1
1.25,37.11
1.25,37.12
1.25,37.13
1.25,37.14
1.25,37.15
1.25,37.16
1.25,37.17
1.25,37.18
1.25,37.19
1.25,37.2
1.25,37.21
1.25,37.22
1.25,37.23
1.25,37.24
1.25,37.25
1.25,37.26
1.25,37.27
1.25,37.28
1.25,37.29
1.25,37.3
1.25,37.31
1.25,37.32
1.25,37.33
1.25,37.34
1.25,37.35
1.25,37.36
1.25,37.37
1.25,37.38
1.25,37.39
1.25,37.4
1.25,37.41
1.25,37.42
1.25,37.43
1.25,37.44
1.25,37.45
1.25,37.46
1.25,37.47
1.25,37.48
1.25,37.49
1.25,37.5
1.25,37.51
1.25,37.52
1.25,37.53
1.25,37.54
1.25,37.55
1.25,37.56
1.25,37.57
1.25,37.58
1.25,37.59
1.25,37.6
1.25,37.61
1.25,37.62
1.25,37.63
1.25,37.64
1.25,37.65
1.25,37.66
1.25,37.67
1.25,37.68
1.25,37.69
1.25,37.7
1.25,37.71
1.25,37.72
1.25,37.73
1.25,37.74
1.25,37.75
1.25,37.76
1.25,37.77
1.25,37.78
1.25,37.79
1.25,37.8
1.25,37.81
1.25,37.82
1.25,37.83
1.25,37.84
1.25,37.85
1.25,37.86
1.25,37.87
1.25,37.88
1.25,37.89
1.25,37.9
1.25,37.91
1.25,37.92
1.25,37.93
1.25,37.94
1.25,37.95
1.25,37.96
1.25,37.97
1.25,37.98
1.25,37.99
1.25,38
1.25,38.01
1.25,38.02
1.25,38.03
1.25,38.04
1.25,38.05
1.25,38.06
1.25,38.07
1.25,38.08
1.25,38.09
1.25,38.1
1.25,38.11
1.25,38.12
1.25,38.13
1.25,38.14
1.25,38.15
1.25,38.16
1.25,38.17
1.25,38.18
1.25,38.19
1.25,38.2
1.25,38.21
1.25,38.22
1.25,38.23
1.25,38.24
1.25,38.25
1.25,38.26
1.25,38.27
1.25,38.28
1.25,38.29
1.25,38.3
1.25,38.31
1.25,38.32
1.25,38.33
1.25,38.34
1.25,38.35
1.25,38.36
1.25,38.37
1.25,38.38
1.25,38.39
1.25,38.4
1.25,38.41
1.25,38.42
1.25,38.43
1.25,38.44
1.25,38.45
1.25,38.46
1.25,38.47
1.25,38.48
1.25,38.49
1.25,38.5
1.25,38.51
1.25,38.52
1.25,38.53
1.25,38.54
1.25,38.55
1.25,38.56
1.25,38.57
1.25,38.58
1.25,38.59
1.25,38.6
1.25,38.61
1.25,38.62
1.25,38.63
1.25,38.64
1.25,38.65
1.25,38.66
1.25,38.67
1.25,38.68
1.25,38.69
1.25,38.7
1.25,38.71
1.25,38.72
1.25,38.73
1.25,38.74
1.25,38.75
1.25,38.76
1.25,38.77
1.25,38.78
1.25,38.79
1.25,38.8
1.25,38.81
1.25,38.82
1.25,38.83
1.25,38.84
1.25,38.85
1.25,38.86
1.25,38.87
1.25,38.88
1.25,38.89
1.25,38.9
1.25,38.91
1.25,38.92
1.25,38.93
1.25,38.94
1.25,38.95
1.25,38.96
1.25,38.97
1.25,38.98
1.25,38.99
1.25,39
1.25,39.01
1.25,39.02
1.25,39.03
1.25,39.04
1.25,39.05
1.25,39.06
1.25,39.07
1.25,39.08
1.25,39.09
1.25,39.1
1.25,39.11
1.25,39.12
1.25,39.13
1.25,39.14
1.25,39.15
1.25,39.16
1.25,39.17
1.25,39.18
1.25,39.19
1.25,39.2
1.25,39.21
1.25,39.22
1.25,39.23
1.25,39.24
1.25,39.25
1.25,39.26
1.25,39.27
1.25,39.28
1.25,39.29
1.25,39.3
1.25,39.31
1.25,39.32
1.25,39.33
1.25,39.34
1.25,39.35
1.25,39.36
1.25,39.37
1.25,39.38
1.25,39.39
1.25,39.4
1.25,39.41
1.25,39.42
1.25,39.43
1.25,39.44
1.25,39.45
1.25,39.46
1.25,39.47
1.25,39.48
1.25,39.49
1.25,39.5
1.25,39.51
1.25,39.52
1.25,39.53
1.25,39.54
1.25,39.55
1.25,39.56
1.25,39.57
1.25,39.58
1.25,39.59
1.25,39.6
1.25,39.61
1.25,39.62
1.25,39.63
1.25,39.64
1.25,39.65
1.25,39.66
1.25,39.67
1.25,39.68
1.25,39.69
1.25,39.7
1.25,39.71
1.25,39.72
1.25,39.73
1.25,39.74
1.25,39.75
1.25,39.76
1.25,39.77
1.25,39.78
1.25,39.79
1.25,39.8
1.25,39.81
1.25,39.82
1.25,39.83
1.25,39.84
1.25,39.85
1.25,39.86
1.25,39.87
1.25,39.88
1.25,39.89
1.25,39.9
1.25,39.91
1.25,39.92
1.25,39.93
1.25,39.94
1.25,39.95
1.25,39.96
1.25,39.97
1.25,39.98
1.25,39.99
1.25,40
1.25,40.01
1.25,40.02
1.25,40.03
1.25,40.04
1.25,40.05
1.25,40.06
1.25,40.07
1.25,40.08
1.25,40.09
1.25,40.1
1.25,40.11
1.25,40.12
1.25,40.13
1.25,40.14
1.25,40.15
1.25,40.16
1.25,40.17
1.25,40.18
1.25,40.19
1.25,40.2
1.25,40.21
1.25,40.22
1.25,40.23
1.25,40.24
1.25,40.25
1.25,40.26
1.25,40.27
1.25,40.28
1.25,40.29
1.25,40.3
1.25,40.31
1.25,40.32
1.25,40.33
1.25,40.34
1.25,40.35
1.25,40.36
1.25,40.37
1.25,40.38
1.25,40.39
1.25,40.4
1.25,40.41
1.25,40.42
1.25,40.43
1.25,40.44
1.25,40.45
1.25,40.46
1.25,40.47
1.25,40.48
1.25,40.49
1.25,40.5
1.25,40.51
1.25,40.52
1.25,40.53
1.25,40.54
1.25,40.55
1.25,40.56
1.25,40.57
1.25,40.58
1.25,40.59
1.25,40.6
1.25,40.61
1.25,40.62
1.25,40.63
1.25,40.64
1.25,40.65
1.25,40.66
1.25,40.67
1.25,40.68
1.25,40.69
1.25,40.7
1.25,40.71
1.25,40.72
1.25,40.73
1.25,40.74
1.25,40.75
1.25,40.76
1.25,40.77
1.25,40.78
1.25,40.79
1.25,40.8
1.25,40.81
1.25,40.82
1.25,40.83
1.25,40.84
1.25,40.85
1.25,40.86
1.25,40.87
1.25,40.88
1.25,40.89
1.25,40.9
1.25,40.91
1.25,40.92
1.25,40.93
1.25,40.94
1.25,40.95
1.25,40.96
1.25,40.97
1.25,40.98
1.25,40.99
1.25,41
1.3,37
1.3,37.01
1.3,37.02
1.3,37.03
1.3,37.04
1.3,37.05
1.3,37.06
1.3,37.07
1.3,37.08
1.3,37.09
1.3,37.1
1.3,37.11
1.3,37.12
1.3,37.13
1.3,37.14
1.3,37.15
1.3,37.16
1.3,37.17
1.3,37.18
1.3,37.19
1.3,37.2
1.3,37.21
1.3,37.22
1.3,37.23
1.3,37.24
1.3,37.25
1.3,37.26
1.3,37.27
1.3,37.28
1.3,37.29
1.3,37.3
1.3,37.31
1.3,37.32
1.3,37.33
1.3,37.34
1.3,37.35
1.3,37.36
1.3,37.37
1.3,37.38
1.3,37.39
1.3,37.4
1.3,37.41
1.3,37.42
1.3,37.43
1.3,37.44
1.3,37.45
1.3,37.46
1.3,37.47
1.3,37.48
1.3,37.49
1.3,37.5
1.3,37.51
1.3,37.52
1.3,37.53
1.3,37.54
1.3,37.55
1.3,37.56
1.3,37.57
1.3,37.58
1.3,37.59
1.3,37.6
1.3,37.61
1.3,37.62
1.3,37.63
1.3,37.64
1.3,37.65
1.3,37.66
1.3,37.67
1.3,37.68
1.3,37.69
1.3,37.7
1.3,37.71
1.3,37.72
1.3,37.73
1.3,37.74
1.3,37.75
1.3,37.76
1.3,37.77
1.3,37.78
1.3,37.79
1.3,37.8
1.3,37.81
1.3,37.82
1.3,37.83
1.3,37.84
1.3,37.85
1.3,37.86
1.3,37.87
1.3,37.88
1.3,37.89
1.3,37.9
1.3,37.91
1.3,37.92
1.3,37.93
1.3,37.94
1.3,37.95
1.3,37.96
1.3,37.97
1.3,37.98
1.3,37.99
1.3,38
1.3,38.01
1.3,38.02
1.3,38.03
1.3,38.04
1.3,38.05
1.3,38.06
1.3,38.07
1.3,38.08
1.3,38.09
1.3,38.1
1.3,38.11
1.3,38.12
1.3,38.13
1.3,38.14
1.3,38.15
1.3,38.16
1.3,38.17
1.3,38.18
1.3,38.19
1.3,38.2
1.3,38.21
1.3,38.22
1.3,38.23
1.3,38.24
1.3,38.25
1.3,38.26
1.3,38.27
1.3,38.28
1.3,38.29
1.3,38.3
1.3,38.31
1.3,38.32
1.3,38.33
1.3,38.34
1.3,38.35
1.3,38.36
1.3,38.37
1.3,38.38
1.3,38.39
1.3,38.4
1.3,38.41
1.3,38.42
1.3,38.43
1.3,38.44
1.3,38.45
1.3,38.46
1.3,38.47
1.3,38.48
1.3,38.49
1.3,38.5
1.3,38.51
1.3,38.52
1.3,38.53
1.3,38.54
1.3,38.55
1.3,38.56
1.3,38.57
1.3,38.58
1.3,38.59
1.3,38.6
1.3,38.61
1.3,38.62
1.3,38.63
1.3,38.64
1.3,38.65
1.3,38.66
1.3,38.67
1.3,38.68
1.3,38.69
1.3,38.7
1.3,38.71
1.3,38.72
1.3,38.73
1.3,38.74
1.3,38.75
1.3,38.76
1.3,38.77
1.3,38.78
1.3,38.79
1.3,38.8
1.3,38.81
1.3,38.82
1.3,38.83
1.3,38.84
1.3,38.85
1.3,38.86
1.3,38.87
1.3,38.88
1.3,38.89
1.3,38.9
1.3,38.91
1.3,38.92
1.3,38.93
1.3,38.94
1.3,38.95
1.3,38.96
1.3,38.97
1.3,38.98
1.3,38.99
1.3,39
1.3,39.01
1.3,39.02
1.3,39.03
1.3,39.04
1.3,39.05
1.3,39.06
1.3,39.07
1.3,39.08
1.3,39.09
1.3,39.1
1.3,39.11
1.3,39.12
1.3,39.13
1.3,39.14
1.3,39.15
1.3,39.16
1.3,39.17
1.3,39.18
1.3,39.19
1.3,39.2
1.3,39.21
1.3,39.22
1.3,39.23
1.3,39.24
1.3,39.25
1.3,39.26
1.3,39.27
1.3,39.28
1.3,39.29
1.3,39.3
1.3,39.31
1.3,39.32
1.3,39.33
1.3,39.34
1.3,39.35
1.3,39.36
1.3,39.37
1.3,39.38
1.3,39.39
1.3,39.4
1.3,39.41
1.3,39.42
1.3,39.43
1.3,39.44
1.3,39.45
1.3,39.46
1.3,39.47
1.3,39.48
1.3,39.49
1.3,39.5
1.3,39.51
1.3,39.52
1.3,39.53
1.3,39.54
1.3,39.55
1.3,39.56
1.3,39.57
1.3,39.58
1.3,39.59
1.3,39.6
1.3,39.61
1.3,39.62
1.3,39.63
1.3,39.64
1.3,39.65
1.3,39.66
1.3,39.67
1.3,39.68
1.3,39.69
1.3,39.7
1.3,39.71
1.3,39.72
1.3,39.73
1.3,39.74
1.3,39.75
1.3,39.76
1.3,39.77
1.3,39.78
1.3,39.79
1.3,39.8
1.3,39.81
1.3,39.82
1.3,39.83
1.3,39.84
1.3,39.85
1.3,39.86
1.3,39.87
1.3,39.88
1.3,39.89
1.3,39.9
1.3,39.91
1.3,39.92
1.3,39.93
1.3,39.94
1.3,39.95
1.3,39.96
1.3,39.97
1.3,39.98
1.3,39.99
1.3,40
1.3,40.01
1.3,40.02
1.3,40.03
1.3,40.04
1.3,40.05
1.3,40.06
1.3,40.07
1.3,40.08
1.3,40.09
1.3,40.1
1.3,40.11
1.3,40.12
1.3,40.13
1.3,40.14
1.3,40.15
1.3,40.16
1.3,40.17
1.3,40.18
1.3,40.19
1.3,40.2
1.3,40.21
1.3,40.22
1.3,40.23
1.3,40.24
1.3,40.25
1.3,40.26
1.3,40.27
1.3,40.28
1.3,40.29
1.3,40.3
1.3,40.31
1.3,40.32
1.3,40.33
1.3,40.34
1.3,40.35
1.3,40.36
1.3,40.37
1.3,40.38
1.3,40.39
1.3,40.4
1.3,40.41
1.3,40.42
1.3,40.43
1.3,40.44
1.3,40.45
1.3,40.46
1.3,40.47
1.3,40.48
1.3,40.49
1.3,40.5
1.3,40.51
1.3,40.52
1.3,40.53
1.3,40.54
1.3,40.55
1.3,40.56
1.3,40.57
1.3,40.58
1.3,40.59
1.3,40.6
1.3,40.61
1.3,40.62
1.3,40.63
1.3,40.64
1.3,40.65
1.3,40.66
1.3,40.67
1.3,40.68
1.3,40.69
1.3,40.7
1.3,40.71
1.3,40.72
1.3,40.73
1.3,40.74
1.3,40.75
1.3,40.76
1.3,40.77
1.3,40.78
1.3,40.79
1.3,40.8
1.3,40.81
1.3,40.82
1.3,40.83
1.3,40.84
1.3,40.85
1.3,40.86
1.3,40.87
1.3,40.88
1.3,40.89
1.3,40.9
1.3,40.91
1.3,40.92
1.3,40.93
1.3,40.94
1.3,40.95
1.3,40.96
1.3,40.97
1.3,40.98
1.3,40.99
1.3,41
1.35,37
1.35,37.01
1.35,37.02
1.35,37.03
1.35,37.04
1.35,37.05
1.35,37.06
1.35,37.07
1.35,37.08
1.35,37.09
1.35,37.1
1.35,37.11
1.35,37.12
1.35,37.13
1.35,37.14
1.35,37.15
1.35,37.16
1.35,37.17
1.35,37.18
1.35,37.19
1.35,37.2
1.35,37.21
1.35,37.22
1.35,37.23
1.35,37.24
1.35,37.25
1.35,37.26
1.35,37.27
1.35,37.28
1.35,37.29
1.35,37.3
1.35,37.31
1.35,37.32
1.35,37.33
1.35,37.34
1.35,37.35
1.35,37.36
1.35,37.37
1.35,37.38
1.35,37.39
1.35,37.4
1.35,37.41
1.35,37.42
1.35,37.43
1.35,37.44
1.35,37.45
1.35,37.46
1.35,37.47
1.35,37.48
1.35,37.49
1.35,37.5
1.35,37.51
1.35,37.52
1.35,37.53
1.35,37.54
1.35,37.55
1.35,37.56
1.35,37.57
1.35,37.58
1.35,37.59
1.35,37.6
1.35,37.61
1.35,37.62
1.35,37.63
1.35,37.64
1.35,37.65
1.35,37.66
1.35,37.67
1.35,37.68
1.35,37.69
1.35,37.7
1.35,37.71
1.35,37.72
1.35,37.73
1.35,37.74
1.35,37.75
1.35,37.76
1.35,37.77
1.35,37.78
1.35,37.79
1.35,37.8
1.35,37.81
1.35,37.82
1.35,37.83
1.35,37.84
1.35,37.85
1.35,37.86
1.35,37.87
1.35,37.88
1.35,37.89
1.35,37.9
1.35,37.91
1.35,37.92
1.35,37.93
1.35,37.94
1.35,37.95
1.35,37.96
1.35,37.97
1.35,37.98
1.35,37.99
1.35,38
1.35,38.01
1.35,38.02
1.35,38.03
1.35,38.04
1.35,38.05
1.35,38.06
1.35,38.07
1.35,38.08
1.35,38.09
1.35,38.1
1.35,38.11
1.35,38.12
1.35,38.13
1.35,38.14
1.35,38.15
1.35,38.16
1.35,38.17
1.35,38.18
1.35,38.19
1.35,38.2
1.35,38.21
1.35,38.22
1.35,38.23
1.35,38.24
1.35,38.25
1.35,38.26
1.35,38.27
1.35,38.28
1.35,38.29
1.35,38.3
1.35,38.31
1.35,38.32
1.35,38.33
1.35,38.34
1.35,38.35
1.35,38.36
1.35,38.37
1.35,38.38
1.35,38.39
1.35,38.4
1.35,38.41
1.35,38.42
1.35,38.43
1.35,38.44
1.35,38.45
1.35,38.46
1.35,38.47
1.35,38.48
1.35,38.49
1.35,38.5
1.35,38.51
1.35,38.52
1.35,38.53
1.35,38.54
1.35,38.55
1.35,38.56
1.35,38.57
1.35,38.58
1.35,38.59
1.35,38.6
1.35,38.61
1.35,38.62
1.35,38.63
1.35,38.64
1.35,38.65
1.35,38.66
1.35,38.67
1.35,38.68
1.35,38.69
1.35,38.7
1.35,38.71
1.35,38.72
1.35,38.73
1.35,38.74
1.35,38.75
1.35,38.76
1.35,38.77
1.35,38.78
1.35,38.79
1.35,38.8
1.35,38.81
1.35,38.82
1.35,38.83
1.35,38.84
1.35,38.85
1.35,38.86
1.35,38.87
1.35,38.88
1.35,38.89
1.35,38.9
1.35,38.91
1.35,38.92
1.35,38.93
1.35,38.94
1.35,38.95
1.35,38.96
1.35,38.97
1.35,38.98
1.35,38.99
1.35,39
1.35,39.01
1.35,39.02
1.35,39.03
1.35,39.04
1.35,39.05
1.35,39.06
1.35,39.07
1.35,39.08
1.35,39.09
1.35,39.1
1.35,39.11
1.35,39.12
1.35,39.13
1.35,39.14
1.35,39.15
1.35,39.16
1.35,39.17
1.35,39.18
1.35,39.19
1.35,39.2
1.35,39.21
1.35,39.22
1.35,39.23
1.35,39.24
1.35,39.25
1.35,39.26
1.35,39.27
1.35,39.28
1.35,39.29
1.35,39.3
1.35,39.31
1.35,39.32
1.35,39.33
1.35,39.34
1.35,39.35
1.35,39.36
1.35,39.37
1.35,39.38
1.35,39.39
1.35,39.4
1.35,39.41
1.35,39.42
1.35,39.43
1.35,39.44
1.35,39.45
1.35,39.46
1.35,39.47
1.35,39.48
1.35,39.49
1.35,39.5
1.35,39.51
1.35,39.52
1.35,39.53
1.35,39.54
1.35,39.55
1.35,39.56
1.35,39.57
1.35,39.58
1.35,39.59
1.35,39.6
1.35,39.61
1.35,39.62
1.35,39.63
1.35,39.64
1.35,39.65
1.35,39.66
1.35,39.67
1.35,39.68
1.35,39.69
1.35,39.7
1.35,39.71
1.35,39.72
1.35,39.73
1.35,39.74
1.35,39.75
1.35,39.76
1.35,39.77
1.35,39.78
1.35,39.79
1.35,39.8
1.35,39.81
1.35,39.82
1.35,39.83
1.35,39.84
1.35,39.85
1.35,39.86
1.35,39.87
1.35,39.88
1.35,39.89
1.35,39.9
1.35,39.91
1.35,39.92
1.35,39.93
1.35,39.94
1.35,39.95
1.35,39.96
1.35,39.97
1.35,39.98
1.35,39.99
1.35,40
1.35,40.01
1.35,40.02
1.35,40.03
1.35,40.04
1.35,40.05
1.35,40.06
1.35,40.07
1.35,40.08
1.35,40.09
1.35,40.1
1.35,40.11
1.35,40.12
1.35,40.13
1.35,40.14
1.35,40.15
1.35,40.16
1.35,40.17
1.35,40.18
1.35,40.19
1.35,40.2
1.35,40.21
1.35,40.22
1.35,40.23
1.35,40.24
1.35,40.25
1.35,40.26
1.35,40.27
1.35,40.28
1.35,40.29
1.35,40.3
1.35,40.31
1.35,40.32
1.35,40.33
1.35,40.34
1.35,40.35
1.35,40.36
1.35,40.37
1.35,40.38
1.35,40.39
1.35,40.4
1.35,40.41
1.35,40.42
1.35,40.43
1.35,40.44
1.35,40.45
1.35,40.46
1.35,40.47
1.35,40.48
1.35,40.49
1.35,40.5
1.35,40.51
1.35,40.52
1.35,40.53
1.35,40.54
1.35,40.55
1.35,40.56
1.35,40.57
1.35,40.58
1.35,40.59
1.35,40.6
1.35,40.61
1.35,40.62
1.35,40.63
1.35,40.64
1.35,40.65
1.35,40.66
1.35,40.67
1.35,40.68
1.35,40.69
1.35,40.7
1.35,40.71
1.35,40.72
1.35,40.73
1.35,40.74
1.35,40.75
1.35,40.76
1.35,40.77
1.35,40.78
1.35,40.79
1.35,40.8
1.35,40.81
1.35,40.82
1.35,40.83
1.35,40.84
1.35,40.85
1.35,40.86
1.35,40.87
1.35,40.88
1.35,40.89
1.35,40.9
1.35,40.91
1.35,40.92
1.35,40.93
1.35,40.94
1.35,40.95
1.35,40.96
1.35,40.97
1.35,40.98
1.35,40.99
1.35,41
1.4,37
1.4,37.01
1.4,37.02
1.4,37.03
1.4,37.04
1.4,37.05
1.4,37.06
1.4,37.07
1.4,37.08
1.4,37.09
1.4,37.1
1.4,37.11
1.4,37.12
1.4,37.13
1.4,37.14
1.4,37.15
1.4,37.16
1.4,37.17
1.4,37.18
1.4,37.19
1.4,37.2
1.4,37.21
1.4,37.22
1.4,37.23
1.4,37.24
1.4,37.25
1.4,37.26
1.4,37.27
1.4,37.28
1.4,37.29
1.4,37.3
1.4,37.31
1.4,37.32
1.4,37.33
1.4,37.34
1.4,37.35
1.4,37.36
1.4,37.37
1.4,37.38
1.4,37.39
1.4,37.4
1.4,37.41
1.4,37.42
1.4,37.43
1.4,37.44
1.4,37.45
1.4,37.46
1.4,37.47
1.4,37.48
1.4,37.49
1.4,37.5
1.4,37.51
1.4,37.52
1.4,37.53
1.4,37.54
1.4,37.55
1.4,37.56
1.4,37.57
1.4,37.58
1.4,37.59
1.4,37.6
1.4,37.61
1.4,37.62
1.4,37.63
1.4,37.64
1.4,37.65
1.4,37.66
1.4,37.67
1.4,37.68
1.4,37.69
1.4,37.7
1.4,37.71
1.4,37.72
1.4,37.73
1.4,37.74
1.4,37.75
1.4,37.76
1.4,37.77
1.4,37.78
1.4,37.79
1.4,37.8
1.4,37.81
1.4,37.82
1.4,37.83
1.4,37.84
1.4,37.85
1.4,37.86
1.4,37.87
1.4,37.88
1.4,37.89
1.4,37.9
1.4,37.91
1.4,37.92
1.4,37.93
1.4,37.94
1.4,37.95
1.4,37.96
1.4,37.97
1.4,37.98
1.4,37.99
1.4,38
1.4,38.01
1.4,38.02
1.4,38.03
1.4,38.04
1.4,38.05
1.4,38.06
1.4,38.07
1.4,38.08
1.4,38.09
1.4,38.1
1.4,38.11
1.4,38.12
1.4,38.13
1.4,38.14
1.4,38.15
1.4,38.16
1.4,38.17
1.4,38.18
1.4,38.19
1.4,38.2
1.4,38.21
1.4,38.22
1.4,38.23
1.4,38.24
1.4,38.25
1.4,38.26
1.4,38.27
1.4,38.28
1.4,38.29
1.4,38.3
1.4,38.31
1.4,38.32
1.4,38.33
1.4,38.34
1.4,38.35
1.4,38.36
1.4,38.37
1.4,38.38
1.4,38.39
1.4,38.4
1.4,38.41
1.4,38.42
1.4,38.43
1.4,38.44
1.4,38.45
1.4,38.46
1.4,38.47
1.4,38.48
1.4,38.49
1.4,38.5
1.4,38.51
1.4,38.52
1.4,38.53
1.4,38.54
1.4,38.55
1.4,38.56
1.4,38.57
1.4,38.58
1.4,38.59
1.4,38.6
1.4,38.61
1.4,38.62
1.4,38.63
1.4,38.64
1.4,38.65
1.4,38.66
1.4,38.67
1.4,38.68
1.4,38.69
1.4,38.7
1.4,38.71
1.4,38.72
1.4,38.73
1.4,38.74
1.4,38.75
1.4,38.76
1.4,38.77
1.4,38.78
1.4,38.79
1.4,38.8
1.4,38.81
1.4,38.82
1.4,38.83
1.4,38.84
1.4,38.85
1.4,38.86
1.4,38.87
1.4,38.88
1.4,38.89
1.4,38.9
1.4,38.91
1.4,38.92
1.4,38.93
1.4,38.94
1.4,38.95
1.4,38.96
1.4,38.97
1.4,38.98
1.4,38.99
1.4,39
1.4,39.01
1.4,39.02
1.4,39.03
1.4,39.04
1.4,39.05
1.4,39.06
1.4,39.07
1.4,39.08
1.4,39.09
1.4,39.1
1.4,39.11
1.4,39.12
1.4,39.13
1.4,39.14
1.4,39.15
1.4,39.16
1.4,39.17
1.4,39.18
1.4,39.19
1.4,39.2
1.4,39.21
1.4,39.22
1.4,39.23
1.4,39.24
1.4,39.25
1.4,39.26
1.4,39.27
1.4,39.28
1.4,39.29
1.4,39.3
1.4,39.31
1.4,39.32
1.4,39.33
1.4,39.34
1.4,39.35
1.4,39.36
1.4,39.37
1.4,39.38
1.4,39.39
1.4,39.4
1.4,39.41
1.4,39.42
1.4,39.43
1.4,39.44
1.4,39.45
1.4,39.46
1.4,39.47
1.4,39.48
1.4,39.49
1.4,39.5
1.4,39.51
1.4,39.52
1.4,39.53
1.4,39.54
1.4,39.55
1.4,39.56
1.4,39.57
1.4,39.58
1.4,39.59
1.4,39.6
1.4,39.61
1.4,39.62
1.4,39.63
1.4,39.64
1.4,39.65
1.4,39.66
1.4,39.67
1.4,39.68
1.4,39.69
1.4,39.7
1.4,39.71
1.4,39.72
1.4,39.73
1.4,39.74
1.4,39.75
1.4,39.76
1.4,39.77
1.4,39.78
1.4,39.79
1.4,39.8
1.4,39.81
1.4,39.82
1.4,39.83
1.4,39.84
1.4,39.85
1.4,39.86
1.4,39.87
1.4,39.88
1.4,39.89
1.4,39.9
1.4,39.91
1.4,39.92
1.4,39.93
1.4,39.94
1.4,39.95
1.4,39.96
1.4,39.97
1.4,39.98
1.4,39.99
1.4,40
1.4,40.01
1.4,40.02
1.4,40.03
1.4,40.04
1.4,40.05
1.4,40.06
1.4,40.07
1.4,40.08
1.4,40.09
1.4,40.1
1.4,40.11
1.4,40.12
1.4,40.13
1.4,40.14
1.4,40.15
1.4,40.16
1.4,40.17
1.4,40.18
1.4,40.19
1.4,40.2
1.4,40.21
1.4,40.22
1.4,40.23
1.4,40.24
1.4,40.25
1.4,40.26
1.4,40.27
1.4,40.28
1.4,40.29
1.4,40.3
1.4,40.31
1.4,40.32
1.4,40.33
1.4,40.34
1.4,40.35
1.4,40.36
1.4,40.37
1.4,40.38
1.4,40.39
1.4,40.4
1.4,40.41
1.4,40.42
1.4,40.43
1.4,40.44
1.4,40.45
1.4,40.46
1.4,40.47
1.4,40.48
1.4,40.49
1.4,40.5
1.4,40.51
1.4,40.52
1.4,40.53
1.4,40.54
1.4,40.55
1.4,40.56
1.4,40.57
1.4,40.58
1.4,40.59
1.4,40.6
1.4,40.61
1.4,40.62
1.4,40.63
1.4,40.64
1.4,40.65
1.4,40.66
1.4,40.67
1.4,40.68
1.4,40.69
1.4,40.7
1.4,40.71
1.4,40.72
1.4,40.73
1.4,40.74
1.4,40.75
1.4,40.76
1.4,40.77
1.4,40.78
1.4,40.79
1.4,40.8
1.4,40.81
1.4,40.82
1.4,40.83
1.4,40.84
1.4,40.85
1.4,40.86
1.4,40.87
1.4,40.88
1.4,40.89
1.4,40.9
1.4,40.91
1.4,40.92
1.4,40.93
1.4,40.94
1.4,40.95
1.4,40.96
1.4,40.97
1.4,40.98
1.4,40.99
1.4,41
1.45,37
1.45,37.01
1.45,37.02
1.45,37.03
1.45,37.04
1.45,37.05
1.45,37.06
1.45,37.07
1.45,37.08
1.45,37.09
1.45,37.1
1.45,37.11
1.45,37.12
1.45,37.13
1.45,37.14
1.45,37.15
1.45,37.16
1.45,37.17
1.45,37.18
1.45,37.19
1.45,37.2
1.45,37.21
1.45,37.22
1.45,37.23
1.45,37.24
1.45,37.25
1.45,37.26
1.45,37.27
1.45,37.28
1.45,37.29
1.45,37.3
1.45,37.31
1.45,37.32
1.45,37.33
1.45,37.34
1.45,37.35
1.45,37.36
1.45,37.37
1.45,37.38
1.45,37.39
1.45,37.4
1.45,37.41
1.45,37.42
1.45,37.43
1.45,37.44
1.45,37.45
1.45,37.46
1.45,37.47
1.45,37.48
1.45,37.49
1.45,37.5
1.45,37.51
1.45,37.52
1.45,37.53
1.45,37.54
1.45,37.55
1.45,37.56
1.45,37.57
1.45,37.58
1.45,37.59
1.45,37.6
1.45,37.61
1.45,37.62
1.45,37.63
1.45,37.64
1.45,37.65
1.45,37.66
1.45,37.67
1.45,37.68
1.45,37.69
1.45,37.7
1.45,37.71
1.45,37.72
1.45,37.73
1.45,37.74
1.45,37.75
1.45,37.76
1.45,37.77
1.45,37.78
1.45,37.79
1.45,37.8
1.45,37.81
1.45,37.82
1.45,37.83
1.45,37.84
1.45,37.85
1.45,37.86
1.45,37.87
1.45,37.88
1.45,37.89
1.45,37.9
1.45,37.91
1.45,37.92
1.45,37.93
1.45,37.94
1.45,37.95
1.45,37.96
1.45,37.97
1.45,37.98
1.45,37.99
1.45,38
1.45,38.01
1.45,38.02
1.45,38.03
1.45,38.04
1.45,38.05
1.45,38.06
1.45,38.07
1.45,38.08
1.45,38.09
1.45,38.1
1.45,38.11
1.45,38.12
1.45,38.13
1.45,38.14
1.45,38.15
1.45,38.16
1.45,38.17
1.45,38.18
1.45,38.19
1.45,38.2
1.45,38.21
1.45,38.22
1.45,38.23
1.45,38.24
1.45,38.25
1.45,38.26
1.45,38.27
1.45,38.28
1.45,38.29
1.45,38.3
1.45,38.31
1.45,38.32
1.45,38.33
1.45,38.34
1.45,38.35
1.45,38.36
1.45,38.37
1.45,38.38
1.45,38.39
1.45,38.4
1.45,38.41
1.45,38.42
1.45,38.43
1.45,38.44
1.45,38.45
1.45,38.46
1.45,38.47
1.45,38.48
1.45,38.49
1.45,38.5
1.45,38.51
1.45,38.52
1.45,38.53
1.45,38.54
1.45,38.55
1.45,38.56
1.45,38.57
1.45,38.58
1.45,38.59
1.45,38.6
1.45,38.61
1.45,38.62
1.45,38.63
1.45,38.64
1.45,38.65
1.45,38.66
1.45,38.67
1.45,38.68
1.45,38.69
1.45,38.7
1.45,38.71
1.45,38.72
1.45,38.73
1.45,38.74
1.45,38.75
1.45,38.76
1.45,38.77
1.45,38.78
1.45,38.79
1.45,38.8
1.45,38.81
1.45,38.82
1.45,38.83
1.45,38.84
1.45,38.85
1.45,38.86
1.45,38.87
1.45,38.88
1.45,38.89
1.45,38.9
1.45,38.91
1.45,38.92
1.45,38.93
1.45,38.94
1.45,38.95
1.45,38.96
1.45,38.97
1.45,38.98
1.45,38.99
1.45,39
1.45,39.01
1.45,39.02
1.45,39.03
1.45,39.04
1.45,39.05
1.45,39.06
1.45,39.07
1.45,39.08
1.45,39.09
1.45,39.1
1.45,39.11
1.45,39.12
1.45,39.13
1.45,39.14
1.45,39.15
1.45,39.16
1.45,39.17
1.45,39.18
1.45,39.19
1.45,39.2
1.45,39.21
1.45,39.22
1.45,39.23
1.45,39.24
1.45,39.25
1.45,39.26
1.45,39.27
1.45,39.28
1.45,39.29
1.45,39.3
1.45,39.31
1.45,39.32
1.45,39.33
1.45,39.34
1.45,39.35
1.45,39.36
1.45,39.37
1.45,39.38
1.45,39.39
1.45,39.4
1.45,39.41
1.45,39.42
1.45,39.43
1.45,39.44
1.45,39.45
1.45,39.46
1.45,39.47
1.45,39.48
1.45,39.49
1.45,39.5
1.45,39.51
1.45,39.52
1.45,39.53
1.45,39.54
1.45,39.55
1.45,39.56
1.45,39.57
1.45,39.58
1.45,39.59
1.45,39.6
1.45,39.61
1.45,39.62
1.45,39.63
1.45,39.64
1.45,39.65
1.45,39.66
1.45,39.67
1.45,39.68
1.45,39.69
1.45,39.7
1.45,39.71
1.45,39.72
1.45,39.73
1.45,39.74
1.45,39.75
1.45,39.76
1.45,39.77
1.45,39.78
1.45,39.79
1.45,39.8
1.45,39.81
1.45,39.82
1.45,39.83
1.45,39.84
1.45,39.85
1.45,39.86
1.45,39.87
1.45,39.88
1.45,39.89
1.45,39.9
1.45,39.91
1.45,39.92
1.45,39.93
1.45,39.94
1.45,39.95
1.45,39.96
1.45,39.97
1.45,39.98
1.45,39.99
1.45,40
1.45,40.01
1.45,40.02
1.45,40.03
1.45,40.04
1.45,40.05
1.45,40.06
1.45,40.07
1.45,40.08
1.45,40.09
1.45,40.1
1.45,40.11
1.45,40.12
1.45,40.13
1.45,40.14
1.45,40.15
1.45,40.16
1.45,40.17
1.45,40.18
1.45,40.19
1.45,40.2
1.45,40.21
1.45,40.22
1.45,40.23
1.45,40.24
1.45,40.25
1.45,40.26
1.45,40.27
1.45,40.28
1.45,40.29
1.45,40.3
1.45,40.31
1.45,40.32
1.45,40.33
1.45,40.34
1.45,40.35
1.45,40.36
1.45,40.37
1.45,40.38
1.45,40.39
1.45,40.4
1.45,40.41
1.45,40.42
1.45,40.43
1.45,40.44
1.45,40.45
1.45,40.46
1.45,40.47
1.45,40.48
1.45,40.49
1.45,40.5
1.45,40.51
1.45,40.52
1.45,40.53
1.45,40.54
1.45,40.55
1.45,40.56
1.45,40.57
1.45,40.58
1.45,40.59
1.45,40.6
1.45,40.61
1.45,40.62
1.45,40.63
1.45,40.64
1.45,40.65
1.45,40.66
1.45,40.67
1.45,40.68
1.45,40.69
1.45,40.7
1.45,40.71
1.45,40.72
1.45,40.73
1.45,40.74
1.45,40.75
1.45,40.76
1.45,40.77
1.45,40.78
1.45,40.79
1.45,40.8
1.45,40.81
1.45,40.82
1.45,40.83
1.45,40.84
1.45,40.85
1.45,40.86
1.45,40.87
1.45,40.88
1.45,40.89
1.45,40.9
1.45,40.91
1.45,40.92
1.45,40.93
1.45,40.94
1.45,40.95
1.45,40.96
1.45,40.97
1.45,40.98
1.45,40.99
1.45,41
1.5,37
1.5,37.01
1.5,37.02
1.5,37.03
1.5,37.04
1.5,37.05
1.5,37.06
1.5,37.07
1.5,37.08
1.5,37.09
1.5,37.1
1.5,37.11
1.5,37.12
1.5,37.13
1.5,37.14
1.5,37.15
1.5,37.16
1.5,37.17
1.5,37.18
1.5,37.19
1.5,37.2
1.5,37.21
1.5,37.22
1.5,37.23
1.5,37.24
1.5,37.25
1.5,37.26
1.5,37.27
1.5,37.28
1.5,37.29
1.5,37.3
1.5,37.31
1.5,37.32
1.5,37.33
1.5,37.34
1.5,37.35
1.5,37.36
1.5,37.37
1.5,37.38
1.5,37.39
1.5,37.4
1.5,37.41
1.5,37.42
1.5,37.43
1.5,37.44
1.5,37.45
1.5,37.46
1.5,37.47
1.5,37.48
1.5,37.49
1.5,37.5
1.5,37.51
1.5,37.52
1.5,37.53
1.5,37.54
1.5,37.55
1.5,37.56
1.5,37.57
1.5,37.58
1.5,37.59
1.5,37.6
1.5,37.61
1.5,37.62
1.5,37.63
1.5,37.64
1.5,37.65
1.5,37.66
1.5,37.67
1.5,37.68
1.5,37.69
1.5,37.7
1.5,37.71
1.5,37.72
1.5,37.73
1.5,37.74
1.5,37.75
1.5,37.76
1.5,37.77
1.5,37.78
1.5,37.79
1.5,37.8
1.5,37.81
1.5,37.82
1.5,37.83
1.5,37.84
1.5,37.85
1.5,37.86
1.5,37.87
1.5,37.88
1.5,37.89
1.5,37.9
1.5,37.91
1.5,37.92
1.5,37.93
1.5,37.94
1.5,37.95
1.5,37.96
1.5,37.97
1.5,37.98
1.5,37.99
1.5,38
1.5,38.01
1.5,38.02
1.5,38.03
1.5,38.04
1.5,38.05
1.5,38.06
1.5,38.07
1.5,38.08
1.5,38.09
1.5,38.1
1.5,38.11
1.5,38.12
1.5,38.13
1.5,38.14
1.5,38.15
1.5,38.16
1.5,38.17
1.5,38.18
1.5,38.19
1.5,38.2
1.5,38.21
1.5,38.22
1.5,38.23
1.5,38.24
1.5,38.25
1.5,38.26
1.5,38.27
1.5,38.28
1.5,38.29
1.5,38.3
1.5,38.31
1.5,38.32
1.5,38.33
1.5,38.34
1.5,38.35
1.5,38.36
1.5,38.37
1.5,38.38
1.5,38.39
1.5,38.4
1.5,38.41
1.5,38.42
1.5,38.43
1.5,38.44
1.5,38.45
1.5,38.46
1.5,38.47
1.5,38.48
1.5,38.49
1.5,38.5
1.5,38.51
1.5,38.52
1.5,38.53
1.5,38.54
1.5,38.55
1.5,38.56
1.5,38.57
1.5,38.58
1.5,38.59
1.5,38.6
1.5,38.61
1.5,38.62
1.5,38.63
1.5,38.64
1.5,38.65
1.5,38.66
1.5,38.67
1.5,38.68
1.5,38.69
1.5,38.7
1.5,38.71
1.5,38.72
1.5,38.73
1.5,38.74
1.5,38.75
1.5,38.76
1.5,38.77
1.5,38.78
1.5,38.79
1.5,38.8
1.5,38.81
1.5,38.82
1.5,38.83
1.5,38.84
1.5,38.85
1.5,38.86
1.5,38.87
1.5,38.88
1.5,38.89
1.5,38.9
1.5,38.91
1.5,38.92
1.5,38.93
1.5,38.94
1.5,38.95
1.5,38.96
1.5,38.97
1.5,38.98
1.5,38.99
1.5,39
1.5,39.01
1.5,39.02
1.5,39.03
1.5,39.04
1.5,39.05
1.5,39.06
1.5,39.07
1.5,39.08
1.5,39.09
1.5,39.1
1.5,39.11
1.5,39.12
1.5,39.13
1.5,39.14
1.5,39.15
1.5,39.16
1.5,39.17
1.5,39.18
1.5,39.19
1.5,39.2
1.5,39.21
1.5,39.22
1.5,39.23
1.5,39.24
1.5,39.25
1.5,39.26
1.5,39.27
1.5,39.28
1.5,39.29
1.5,39.3
1.5,39.31
1.5,39.32
1.5,39.33
1.5,39.34
1.5,39.35
1.5,39.36
1.5,39.37
1.5,39.38
1.5,39.39
1.5,39.4
1.5,39.41
1.5,39.42
1.5,39.43
1.5,39.44
1.5,39.45
1.5,39.46
1.5,39.47
1.5,39.48
1.5,39.49
1.5,39.5
1.5,39.51
1.5,39.52
1.5,39.53
1.5,39.54
1.5,39.55
1.5,39.56
1.5,39.57
1.5,39.58
1.5,39.59
1.5,39.6
1.5,39.61
1.5,39.62
1.5,39.63
1.5,39.64
1.5,39.65
1.5,39.66
1.5,39.67
1.5,39.68
1.5,39.69
1.5,39.7
1.5,39.71
1.5,39.72
1.5,39.73
1.5,39.74
1.5,39.75
1.5,39.76
1.5,39.77
1.5,39.78
1.5,39.79
1.5,39.8
1.5,39.81
1.5,39.82
1.5,39.83
1.5,39.84
1.5,39.85
1.5,39.86
1.5,39.87
1.5,39.88
1.5,39.89
1.5,39.9
1.5,39.91
1.5,39.92
1.5,39.93
1.5,39.94
1.5,39.95
1.5,39.96
1.5,39.97
1.5,39.98
1.5,39.99
1.5,40
1.5,40.01
1.5,40.02
1.5,40.03
1.5,40.04
1.5,40.05
1.5,40.06
1.5,40.07
1.5,40.08
1.5,40.09
1.5,40.1
1.5,40.11
1.5,40.12
1.5,40.13
1.5,40.14
1.5,40.15
1.5,40.16
1.5,40.17
1.5,40.18
1.5,40.19
1.5,40.2
1.5,40.21
1.5,40.22
1.5,40.23
1.5,40.24
1.5,40.25
1.5,40.26
1.5,40.27
1.5,40.28
1.5,40.29
1.5,40.3
1.5,40.31
1.5,40.32
1.5,40.33
1.5,40.34
1.5,40.35
1.5,40.36
1.5,40.37
1.5,40.38
1.5,40.39
1.5,40.4
1.5,40.41
1.5,40.42
1.5,40.43
1.5,40.44
1.5,40.45
1.5,40.46
1.5,40.47
1.5,40.48
1.5,40.49
1.5,40.5
1.5,40.51
1.5,40.52
1.5,40.53
1.5,40.54
1.5,40.55
1.5,40.56
1.5,40.57
1.5,40.58
1.5,40.59
1.5,40.6
1.5,40.61
1.5,40.62
1.5,40.63
1.5,40.64
1.5,40.65
1.5,40.66
1.5,40.67
1.5,40.68
1.5,40.69
1.5,40.7
1.5,40.71
1.5,40.72
1.5,40.73
1.5,40.74
1.5,40.75
1.5,40.76
1.5,40.77
1.5,40.78
1.5,40.79
1.5,40.8
1.5,40.81
1.5,40.82
1.5,40.83
1.5,40.84
1.5,40.85
1.5,40.86
1.5,40.87
1.5,40.88
1.5,40.89
1.5,40.9
1.5,40.91
1.5,40.92
1.5,40.93
1.5,40.94
1.5,40.95
1.5,40.96
1.5,40.97
1.5,40.98
1.5,40.99
1.5,41
